Time,axis0_aileron,axis1_elevator,axis2_throttle_all,axis3_rudder,indicated-altitude-ft,indicated-speed-kt,indicated-speed-fpm,indicated-track-magnetic-deg,indicated-heading-deg,airspeed-kt,groundspeed-kt,altitude-agl-ft,altitude-ft,latitude-deg,longitude-deg,balloon-lat,balloon-lon,balloon-alt,balloon-level,balloon-hit
1,0,0,0,0,0,0,-0,0,270.05,0,0,5.170131713,35.16078195,19.72137997,-155.0578101,,,,,
1,0,0,0,0,0,0,-0,0,270.05,0,0,5.170131713,35.16078195,19.72137997,-155.0578101,,,,,
1,0,0,0,0,0,0,-0,0,270.05,0,0,5.170131713,35.16078195,19.72137997,-155.0578101,,,,,
1,0,0,0,0,0,0,-0,0,270.05,0,0,5.170131713,35.16078195,19.72137997,-155.0578101,,,,,
1,0,0,0,0,0,0,-0,0,270.05,0,0,5.170131713,35.16078195,19.72137997,-155.0578101,,,,,
1,0,0,0,0,0,0,-0,0,270.05,0,0,5.170131713,35.16078195,19.72137997,-155.0578101,,,,,
1,0,0,0,0,0,0,-0,0,270.05,0,0,5.170131713,35.16078195,19.72137997,-155.0578101,,,,,
1,0,0,0,0,0,0,-0,0,270.05,0,0,5.170131713,35.16078195,19.72137997,-155.0578101,,,,,
1,0,0,0,0,0,0,-0,0,270.05,0,0,5.170131713,35.16078195,19.72137997,-155.0578101,,,,,
1,0,0,0,0,0,0,-0,0,270.05,0,0,5.170131713,35.16078195,19.72137997,-155.0578101,,,,,
1,0,0,0,0,0,0,-0,0,270.05,0,0,5.170131713,35.16078195,19.72137997,-155.0578101,,,,,
1,0,0,0,0,0,0,-0,0,270.05,0,0,5.170131713,35.16078195,19.72137997,-155.0578101,,,,,
1,0,0,0,0,0,0,-0,0,270.05,0,0,5.170131713,35.16078195,19.72137997,-155.0578101,,,,,
1,0,0,0,0,0,0,-0,0,270.05,0,0,5.170131713,35.16078195,19.72137997,-155.0578101,,,,,
1,0,0,0,0,0,0,-0,0,270.05,0,0,5.170131713,35.16078195,19.72137997,-155.0578101,,,,,
1,0,0,0,0,0,0,-0,0,270.05,0,0,5.170131713,35.16078195,19.72137997,-155.0578101,,,,,
1,0,0,0,0,0,0,-0,0,270.05,0,0,5.170131713,35.16078195,19.72137997,-155.0578101,,,,,
1,0,0,0,0,0,0,-0,0,270.05,0,0,5.170131713,35.16078195,19.72137997,-155.0578101,,,,,
1,0,0,0,0,0,0,-0,0,270.05,0,0,5.170131713,35.16078195,19.72137997,-155.0578101,,,,,
1,0,0,0,0,0,0,-0,0,270.05,0,0,5.170131713,35.16078195,19.72137997,-155.0578101,,,,,
1,0,0,0,0,0,0,-0,0,270.05,0,0,5.170131713,35.16078195,19.72137997,-155.0578101,,,,,
1,0,0,0,0,0,0,-0,0,270.05,0,0,5.170131713,35.16078195,19.72137997,-155.0578101,,,,,
1,0,0,0,0,0,0,-0,0,270.05,0,0,5.170131713,35.16078195,19.72137997,-155.0578101,,,,,
1,0,0,0,0,0,0,-0,0,270.05,0,0,5.170131713,35.16078195,19.72137997,-155.0578101,,,,,
1,0,0,0,0,0,0,-0,0,270.05,0,0,5.170131713,35.16078195,19.72137997,-155.0578101,,,,,
1,0,0,0,0,0,0,-0,0,270.05,0,0,5.170131713,35.16078195,19.72137997,-155.0578101,,,,,
1,0,0,0,0,0,0,-0,0,270.05,0,0,5.170131713,35.16078195,19.72137997,-155.0578101,,,,,
1,0,0,0,0,0,0,-0,0,270.05,0,0,5.170131713,35.16078195,19.72137997,-155.0578101,,,,,
1,0,0,0,0,0,0,-0,0,270.05,0,0,5.170131713,35.16078195,19.72137997,-155.0578101,,,,,
1,0,0,0,0,0,0,-0,0,270.05,0,0,5.170131713,35.16078195,19.72137997,-155.0578101,,,,,
1,0,0,0,0,0,0,-0,0,270.05,0,0,5.170131713,35.16078195,19.72137997,-155.0578101,,,,,
1,0,0,0,0,0,0,-0,0,270.05,0,0,5.170131713,35.16078195,19.72137997,-155.0578101,,,,,
1,0,0,0,0,0,0,-0,0,270.05,0,0,5.170131713,35.16078195,19.72137997,-155.0578101,,,,,
1,0,0,0,0,0,0,-0,0,270.05,0,0,5.170131713,35.16078195,19.72137997,-155.0578101,,,,,
1,0,0,0,0,0,0,-0,0,270.05,0,0,5.170131713,35.16078195,19.72137997,-155.0578101,,,,,
1,0,0,0,0,0,0,-0,0,270.05,0,0,5.170131713,35.16078195,19.72137997,-155.0578101,,,,,
1,0,0,0,0,0,0,-0,0,270.05,0,0,5.170131713,35.16078195,19.72137997,-155.0578101,,,,,
1,0,0,0,0,0,0,-0,0,270.05,0,0,5.170131713,35.16078195,19.72137997,-155.0578101,,,,,
1,0,0,0,0,0,0,-0,0,270.05,0,0,5.170131713,35.16078195,19.72137997,-155.0578101,,,,,
1,0,0,0,0,0,0,-0,0,270.05,0,0,5.170131713,35.16078195,19.72137997,-155.0578101,,,,,
1,0,0,0,0,0,0,-0,0,270.05,0,0,5.170131713,35.16078195,19.72137997,-155.0578101,,,,,
1,0,0,0,0,0,0,-0,0,270.05,0,0,5.170131713,35.16078195,19.72137997,-155.0578101,,,,,
1,0,0,0,0,0,0,-0,0,270.05,0,0,5.170131713,35.16078195,19.72137997,-155.0578101,,,,,
1,0,0,0,0,0,0,-0,0,270.05,0,0,5.170131713,35.16078195,19.72137997,-155.0578101,,,,,
1,0,0,0,0,0,0,-0,0,270.05,0,0,5.170131713,35.16078195,19.72137997,-155.0578101,,,,,
1,0,0,0,0,0,0,-0,0,270.05,0,0,5.170131713,35.16078195,19.72137997,-155.0578101,,,,,
1,0,0,0,0,0,0,-0,0,270.05,0,0,5.170131713,35.16078195,19.72137997,-155.0578101,,,,,
1,0,0,0,0,0,0,-0,0,270.05,0,0,5.170131713,35.16078195,19.72137997,-155.0578101,,,,,
1,0,0,0,0,0,0,-0,0,270.05,0,0,5.170131713,35.16078195,19.72137997,-155.0578101,,,,,
1,0,0,0,0,0,0,-0,0,270.05,0,0,5.170131713,35.16078195,19.72137997,-155.0578101,,,,,
1.45833,0,0,0,0,35.98294742,0,1138.924887,350.4941443,270.5470187,3.02427789,0.0005242414733,5.16992661,35.16060381,19.72137998,-155.0578101,,,,,
1.45833,0,0,0,0,35.98294742,0,1138.924887,350.4941443,270.5470187,3.02427789,0.0005242414733,5.16992661,35.16060381,19.72137998,-155.0578101,,,,,
1.45833,0,0,0,0,35.98294742,0,1138.924887,350.4941443,270.5470187,3.02427789,0.0005242414733,5.16992661,35.16060381,19.72137998,-155.0578101,,,,,
1.45833,0,0,0,0,35.98294742,0,1138.924887,350.4941443,270.5470187,3.02427789,0.0005242414733,5.16992661,35.16060381,19.72137998,-155.0578101,,,,,
1.45833,0,0,0,0,35.98294742,0,1138.924887,350.4941443,270.5470187,3.02427789,0.0005242414733,5.16992661,35.16060381,19.72137998,-155.0578101,,,,,
1.45833,0,0,0,0,35.98294742,0,1138.924887,350.4941443,270.5470187,3.02427789,0.0005242414733,5.16992661,35.16060381,19.72137998,-155.0578101,,,,,
1.45833,0,0,0,0,35.98294742,0,1138.924887,350.4941443,270.5470187,3.02427789,0.0005242414733,5.16992661,35.16060381,19.72137998,-155.0578101,,,,,
1.45833,0,0,0,0,35.98294742,0,1138.924887,350.4941443,270.5470187,3.02427789,0.0005242414733,5.16992661,35.16060381,19.72137998,-155.0578101,,,,,
1.45833,0,0,0,0,35.98294742,0,1138.924887,350.4941443,270.5470187,3.02427789,0.0005242414733,5.16992661,35.16060381,19.72137998,-155.0578101,,,,,
1.45833,0,0,0,0,35.98294742,0,1138.924887,350.4941443,270.5470187,3.02427789,0.0005242414733,5.16992661,35.16060381,19.72137998,-155.0578101,,,,,
1.45833,0,0,0,0,35.98294742,0,1138.924887,350.4941443,270.5470187,3.02427789,0.0005242414733,5.16992661,35.16060381,19.72137998,-155.0578101,,,,,
1.45833,0,0,0,0,35.98294742,0,1138.924887,350.4941443,270.5470187,3.02427789,0.0005242414733,5.16992661,35.16060381,19.72137998,-155.0578101,,,,,
1.45833,0,0,0,0,35.98294742,0,1138.924887,350.4941443,270.5470187,3.02427789,0.0005242414733,5.16992661,35.16060381,19.72137998,-155.0578101,,,,,
1.45833,0,0,0,0,35.98294742,0,1138.924887,350.4941443,270.5470187,3.02427789,0.0005242414733,5.16992661,35.16060381,19.72137998,-155.0578101,,,,,
1.45833,0,0,0,0,35.98294742,0,1138.924887,350.4941443,270.5470187,3.02427789,0.0005242414733,5.16992661,35.16060381,19.72137998,-155.0578101,,,,,
1.45833,0,0,0,0,35.98294742,0,1138.924887,350.4941443,270.5470187,3.02427789,0.0005242414733,5.16992661,35.16060381,19.72137998,-155.0578101,,,,,
1.45833,0,0,0,0,35.98294742,0,1138.924887,350.4941443,270.5470187,3.02427789,0.0005242414733,5.16992661,35.16060381,19.72137998,-155.0578101,,,,,
1.45833,0,0,0,0,35.98294742,0,1138.924887,350.4941443,270.5470187,3.02427789,0.0005242414733,5.16992661,35.16060381,19.72137998,-155.0578101,,,,,
1.45833,0,0,0,0,35.98294742,0,1138.924887,350.4941443,270.5470187,3.02427789,0.0005242414733,5.16992661,35.16060381,19.72137998,-155.0578101,,,,,
1.45833,0,0,0,0,35.98294742,0,1138.924887,350.4941443,270.5470187,3.02427789,0.0005242414733,5.16992661,35.16060381,19.72137998,-155.0578101,,,,,
1.45833,0,0,0,0,35.98294742,0,1138.924887,350.4941443,270.5470187,3.02427789,0.0005242414733,5.16992661,35.16060381,19.72137998,-155.0578101,,,,,
1.45833,0,0,0,0,35.98294742,0,1138.924887,350.4941443,270.5470187,3.02427789,0.0005242414733,5.16992661,35.16060381,19.72137998,-155.0578101,,,,,
1.78333,0,0,0,0,23.58265037,1.692753615,-415.1064021,350.4941443,277.7935732,2.891979532,2.444147315e-05,5.169940186,35.16061744,19.72137998,-155.0578101,,,,,
1.78333,0,0,0,0,23.58265037,1.692753615,-415.1064021,350.4941443,277.7935732,2.891979532,2.444147315e-05,5.169940186,35.16061744,19.72137998,-155.0578101,,,,,
1.78333,0,0,0,0,23.58265037,1.692753615,-415.1064021,350.4941443,277.7935732,2.891979532,2.444147315e-05,5.169940186,35.16061744,19.72137998,-155.0578101,,,,,
1.78333,0,0,0,0,23.58265037,1.692753615,-415.1064021,350.4941443,277.7935732,2.891979532,2.444147315e-05,5.169940186,35.16061744,19.72137998,-155.0578101,,,,,
1.78333,0,0,0,0,23.58265037,1.692753615,-415.1064021,350.4941443,277.7935732,2.891979532,2.444147315e-05,5.169940186,35.16061744,19.72137998,-155.0578101,,,,,
1.78333,0,0,0,0,23.58265037,1.692753615,-415.1064021,350.4941443,277.7935732,2.891979532,2.444147315e-05,5.169940186,35.16061744,19.72137998,-155.0578101,,,,,
1.78333,0,0,0,0,23.58265037,1.692753615,-415.1064021,350.4941443,277.7935732,2.891979532,2.444147315e-05,5.169940186,35.16061744,19.72137998,-155.0578101,,,,,
1.78333,0,0,0,0,23.58265037,1.692753615,-415.1064021,350.4941443,277.7935732,2.891979532,2.444147315e-05,5.169940186,35.16061744,19.72137998,-155.0578101,,,,,
1.78333,0,0,0,0,23.58265037,1.692753615,-415.1064021,350.4941443,277.7935732,2.891979532,2.444147315e-05,5.169940186,35.16061744,19.72137998,-155.0578101,,,,,
1.78333,0,0,0,0,23.58265037,1.692753615,-415.1064021,350.4941443,277.7935732,2.891979532,2.444147315e-05,5.169940186,35.16061744,19.72137998,-155.0578101,,,,,
1.78333,0,0,0,0,23.58265037,1.692753615,-415.1064021,350.4941443,277.7935732,2.891979532,2.444147315e-05,5.169940186,35.16061744,19.72137998,-155.0578101,,,,,
1.78333,0,0,0,0,23.58265037,1.692753615,-415.1064021,350.4941443,277.7935732,2.891979532,2.444147315e-05,5.169940186,35.16061744,19.72137998,-155.0578101,,,,,
1.78333,0,0,0,0,23.58265037,1.692753615,-415.1064021,350.4941443,277.7935732,2.891979532,2.444147315e-05,5.169940186,35.16061744,19.72137998,-155.0578101,,,,,
1.78333,0,0,0,0,23.58265037,1.692753615,-415.1064021,350.4941443,277.7935732,2.891979532,2.444147315e-05,5.169940186,35.16061744,19.72137998,-155.0578101,,,,,
1.78333,0,0,0,0,23.58265037,1.692753615,-415.1064021,350.4941443,277.7935732,2.891979532,2.444147315e-05,5.169940186,35.16061744,19.72137998,-155.0578101,,,,,
1.78333,0,0,0,0,23.58265037,1.692753615,-415.1064021,350.4941443,277.7935732,2.891979532,2.444147315e-05,5.169940186,35.16061744,19.72137998,-155.0578101,,,,,
1.78333,0,0,0,0,23.58265037,1.692753615,-415.1064021,350.4941443,277.7935732,2.891979532,2.444147315e-05,5.169940186,35.16061744,19.72137998,-155.0578101,,,,,
1.84167,0,0,0,0,15.09481119,2.876791304,-855.455081,350.4941443,301.0605957,2.802314483,6.76666658e-05,5.169944095,35.16062306,19.72137998,-155.0578101,,,,,
1.84167,0,0,0,0,15.09481119,2.876791304,-855.455081,350.4941443,301.0605957,2.802314483,6.76666658e-05,5.169944095,35.16062306,19.72137998,-155.0578101,,,,,
1.84167,0,0,0,0,15.09481119,2.876791304,-855.455081,350.4941443,301.0605957,2.802314483,6.76666658e-05,5.169944095,35.16062306,19.72137998,-155.0578101,,,,,
1.86667,0,0,0,0,14.34831064,5.08380367,-859.482437,350.4941443,308.259242,2.786612657,6.027512663e-05,5.169944025,35.16062343,19.72137998,-155.0578101,,,,,
1.89167,0,0,0,0,14.00892416,5.510355018,-862.9692704,350.4941443,311.6786116,2.779921232,5.648963179e-05,5.169944015,35.16062361,19.72137998,-155.0578101,,,,,
1.91667,0,0,0,0,13.6422768,5.96137853,-871.3646072,350.4941443,315.3008594,2.773252982,5.257179134e-05,5.169944004,35.1606238,19.72137998,-155.0578101,,,,,
1.94167,0,0,0,0,13.24132691,6.327936035,-883.2462733,350.4941443,319.1254141,2.766607874,4.876162046e-05,5.169943995,35.16062399,19.72137998,-155.0578101,,,,,
1.94167,0,0,0,0,13.24132691,6.327936035,-883.2462733,350.4941443,319.1254141,2.766607874,4.876162046e-05,5.169943995,35.16062399,19.72137998,-155.0578101,,,,,
1.96667,0,0,0,0,12.80370732,6.607758291,-897.5126285,350.4941443,323.1498054,2.759986125,4.50158894e-05,5.169945574,35.1606242,19.72137998,-155.0578101,,,,,
1.99167,0,0,0,0,12.32994912,6.818337522,-913.3314557,350.4941443,327.3694691,2.753387798,4.126625623e-05,5.169945595,35.16062442,19.72137998,-155.0578101,,,,,
2.00833,0,0,0,0,11.82227485,6.976804839,-930.086489,350.4941443,331.7775641,2.746813297,3.755559348e-05,5.169945636,35.16062466,19.72137998,-155.0578101,,,,,
2.04167,0,0,0,0,11.46996551,7.010723527,-940.3748605,350.4941443,334.8164998,2.742443553,3.526030125e-05,5.169945666,35.16062482,19.72137998,-155.0578101,,,,,
2.04167,0,0,0,0,11.46996551,7.010723527,-940.3748605,350.4941443,334.8164998,2.742443553,3.526030125e-05,5.169945666,35.16062482,19.72137998,-155.0578101,,,,,
2.06667,0,0,0,0,10.71496795,7.230965549,-965.9818142,350.4941443,341.1193508,2.733736227,3.059562229e-05,5.169945788,35.1606252,19.72137998,-155.0578101,,,,,
2.09167,0,0,0,0,10.12236879,7.25211456,-982.9938534,350.4941443,346.0266598,2.727234039,2.728676595e-05,5.169945127,35.16062553,19.72137998,-155.0578101,,,,,
2.11667,0,0,0,0,9.510782838,7.295060002,-999.8712166,350.4941443,351.0694839,2.720756207,2.417958591e-05,5.16994528,35.16062588,19.72137998,-155.0578101,,,,,
2.14167,0,0,0,0,8.882731689,7.335593734,-1016.487244,350.4941443,356.2278462,2.714302959,2.10911085e-05,5.169946257,35.16062627,19.72137998,-155.0578101,,,,,
2.14167,0,0,0,0,8.882731689,7.335593734,-1016.487244,350.4941443,356.2278462,2.714302959,2.10911085e-05,5.169946257,35.16062627,19.72137998,-155.0578101,,,,,
2.16667,0,0,0,0,8.240580453,7.36884238,-1032.75742,350.4941443,1.479110674,2.707874567,1.828816393e-05,5.169946478,35.16062669,19.72137998,-155.0578101,,,,,
2.19167,0,0,0,0,7.586476546,7.394967325,-1048.627763,350.4941443,6.79811753,2.70147108,1.564632263e-05,5.169946726,35.16062713,19.72137998,-155.0578101,,,,,
2.20833,0,0,0,0,6.922324886,7.415196752,-1064.066251,350.4941443,12.15739658,2.695092883,1.336054739e-05,5.169946994,35.16062758,19.72137998,-155.0578101,,,,,
2.23333,0,0,0,0,6.478271212,7.378746538,-1073.078764,350.4941443,15.73813407,2.690854783,1.198635062e-05,5.16994718,35.1606279,19.72137998,-155.0578101,,,,,
2.25833,0,0,0,0,5.80352788,7.440776147,-1088.040539,350.4941443,21.09818446,2.684518781,1.009778779e-05,5.1699467,35.16062839,19.72137998,-155.0578101,,,,,
2.28333,0,0,0,0,5.121288547,7.461356278,-1102.482337,350.4941443,26.41646973,2.678208586,8.536707223e-06,5.169946232,35.1606289,19.72137998,-155.0578101,,,,,
2.28333,0,0,0,0,5.121288547,7.461356278,-1102.482337,350.4941443,26.41646973,2.678208586,8.536707223e-06,5.169946232,35.1606289,19.72137998,-155.0578101,,,,,
2.30833,0,0,0,0,4.433130544,7.469408809,-1116.426775,350.4941443,31.66020978,2.671924174,7.22352111e-06,5.169946571,35.16062943,19.72137998,-155.0578101,,,,,
2.33333,0,0,0,0,3.740302069,7.473370098,-1129.896379,350.4941443,36.79639189,2.665665754,6.222684235e-06,5.169946923,35.16062996,19.72137998,-155.0578101,,,,,
2.35833,0,0,0,0,3.043790162,7.475772691,-1142.913191,350.4941443,41.79241917,2.659433657,5.464585339e-06,5.169947275,35.16063049,19.72137998,-155.0578101,,,,,
2.38333,0,0,0,0,2.344374824,7.477431003,-1155.498501,350.4941443,46.61680259,2.653227955,4.839688473e-06,5.169949193,35.16063102,19.72137998,-155.0578101,,,,,
2.38333,0,0,0,0,2.344374824,7.477431003,-1155.498501,350.4941443,46.61680259,2.653227955,4.839688473e-06,5.169949193,35.16063102,19.72137998,-155.0578101,,,,,
2.425,0,0,0,0,1.178019816,7.432305109,-1174.626774,350.4941443,54.19656045,2.642944279,4.099413744e-06,5.169949015,35.16063193,19.72137998,-155.0578101,,,,,
2.425,0,0,0,0,1.178019816,7.432305109,-1174.626774,350.4941443,54.19656045,2.642944279,4.099413744e-06,5.169949015,35.16063193,19.72137998,-155.0578101,,,,,
2.45,0,0,0,0,0.4833197407,7.481712102,-1186.40413,350.4941443,58.42538075,2.636810007,3.657400636e-06,5.169948605,35.16063247,19.72137998,-155.0578101,,,,,
2.48333,0,0,0,0,-0.2079343668,7.492748607,-1197.760477,350.4941443,62.38798729,2.630702787,3.492732371e-06,5.169950555,35.16063303,19.72137998,-155.0578101,,,,,
2.48333,0,0,0,0,-0.2079343668,7.492748607,-1197.760477,350.4941443,62.38798729,2.630702787,3.492732371e-06,5.169950555,35.16063303,19.72137998,-155.0578101,,,,,
2.50833,0,0,0,0,-1.134469314,7.527880309,-1213.910309,350.4941443,67.22823273,2.622602295,3.450654197e-06,5.169951071,35.16063378,19.72137998,-155.0578101,,,,,
2.54167,0,0,0,0,-1.823622914,7.474125921,-1223.976201,350.4941443,70.51074143,2.616559106,3.545935852e-06,5.169951483,35.16063436,19.72137998,-155.0578101,,,,,
2.54167,0,0,0,0,-1.823622914,7.474125921,-1223.976201,350.4941443,70.51074143,2.616559106,3.545935852e-06,5.169951483,35.16063436,19.72137998,-155.0578101,,,,,
2.575,0,0,0,0,-2.745808568,7.498293521,-1238.61374,350.4941443,74.41257843,2.608544718,3.646940071e-06,5.169952025,35.16063513,19.72137998,-155.0578101,,,,,
2.6,0,0,0,0,-3.66795173,7.479147029,-1252.28698,350.4941443,77.77271418,2.600580128,3.828180038e-06,5.169952582,35.16063591,19.72137998,-155.0578101,,,,,
2.625,0,0,0,0,-4.352212707,7.426891011,-1260.795728,350.4941443,79.94620572,2.594639684,3.787510072e-06,5.169952995,35.1606365,19.72137998,-155.0578101,,,,,
2.625,0,0,0,0,-4.352212707,7.426891011,-1260.795728,350.4941443,79.94620572,2.594639684,3.787510072e-06,5.169952995,35.1606365,19.72137998,-155.0578101,,,,,
2.65,0,0,0,0,-5.03211876,7.424474949,-1269.234542,350.4941443,81.83545907,2.588727964,3.54984775e-06,5.169953396,35.16063707,19.72137998,-155.0578101,,,,,
2.675,0,0,0,0,-5.709279303,7.433425752,-1277.568396,350.4941443,83.4563754,2.582844754,3.494031687e-06,5.169953818,35.16063766,19.72137998,-155.0578101,,,,,
2.7,0,0,0,0,-6.38479413,7.443398017,-1285.772514,350.4941443,84.82814137,2.576990613,3.247910517e-06,5.169954216,35.16063823,19.72137998,-155.0578101,,,,,
2.71667,0,0,0,0,-7.059402633,7.451946089,-1293.829838,350.4941443,85.97245408,2.571165538,2.90764675e-06,5.169953823,35.16063879,19.72137998,-155.0578101,,,,,
2.74167,0,0,0,0,-7.505582291,7.409565902,-1298.259598,350.4941443,86.62046553,2.567298453,2.632706356e-06,5.169953291,35.16063914,19.72137998,-155.0578101,,,,,
2.74167,0,0,0,0,-7.505582291,7.409565902,-1298.259598,350.4941443,86.62046553,2.567298453,2.632706356e-06,5.169953291,35.16063914,19.72137998,-155.0578101,,,,,
2.76667,0,0,0,0,-8.177212891,7.464122748,-1306.267726,350.4941443,87.43807456,2.56152228,2.249251591e-06,5.169956799,35.1606397,19.72137998,-155.0578101,,,,,
2.79167,0,0,0,0,-8.850176507,7.479080918,-1314.056247,350.4941443,88.09199728,2.555775809,1.949031867e-06,5.169957174,35.16064024,19.72137998,-155.0578101,,,,,
2.81667,0,0,0,0,-9.524135811,7.482840033,-1321.635323,350.4941443,88.60604175,2.55005904,1.580798412e-06,5.169956781,35.1606408,19.72137998,-155.0578101,,,,,
2.84167,0,0,0,0,-10.19883814,7.483503006,-1329.014151,350.4941443,89.00285441,2.544372279,1.339667081e-06,5.169956388,35.16064136,19.72137998,-155.0578101,,,,,
2.84167,0,0,0,0,-10.19883814,7.483503006,-1329.014151,350.4941443,89.00285441,2.544372279,1.339667081e-06,5.169956388,35.16064136,19.72137998,-155.0578101,,,,,
2.875,0,0,0,0,-10.8740944,7.483365455,-1336.201122,350.4941443,89.30337785,2.53871586,1.399728531e-06,5.169956757,35.1606419,19.72137998,-155.0578101,,,,,
2.9,0,0,0,0,-11.78419136,7.51784245,-1346.952835,350.4941443,89.58652644,2.531221238,1.755026125e-06,5.169957257,35.16064263,19.72137998,-155.0578101,,,,,
2.925,0,0,0,0,-12.4638914,7.465590512,-1353.348222,350.4941443,89.73159112,2.525635941,1.990673368e-06,5.169957633,35.16064318,19.72137998,-155.0578101,,,,,
2.925,0,0,0,0,-12.4638914,7.465590512,-1353.348222,350.4941443,89.73159112,2.525635941,1.990673368e-06,5.169957633,35.16064318,19.72137998,-155.0578101,,,,,
2.95,0,0,0,0,-13.14164301,7.456693975,-1359.663408,350.4941443,89.83392754,2.520081601,2.294925496e-06,5.169958001,35.16064372,19.72137998,-155.0578101,,,,,
2.975,0,0,0,0,-13.81819089,7.45880968,-1365.883781,350.4941443,89.90443018,2.514558297,2.631534548e-06,5.169957582,35.16064426,19.72137998,-155.0578101,,,,,
3,0,0,0,0,-14.49404042,7.462996747,-1371.999211,350.4941443,89.95180614,2.509066285,2.893896691e-06,5.16995793,35.16064478,19.72137998,-155.0578101,,,,,
3.025,0,0,0,0,-15.16952834,7.4669436,-1378.002954,350.4941443,89.98281823,2.503605704,3.143942654e-06,5.169959044,35.16064529,19.72137998,-155.0578101,,,,,
3.025,0,0,0,0,-15.16952834,7.4669436,-1378.002954,350.4941443,89.98281823,2.503605704,3.143942654e-06,5.169959044,35.16064529,19.72137998,-155.0578101,,,,,
3.06667,0,0,0,0,-15.84487355,7.470180039,-1383.890809,350.4941443,90.00256682,2.498176886,3.421286482e-06,5.169958589,35.16064581,19.72137998,-155.0578101,,,,,
3.06667,0,0,0,0,-15.84487355,7.470180039,-1383.890809,350.4941443,90.00256682,2.498176886,3.421286482e-06,5.169958589,35.16064581,19.72137998,-155.0578101,,,,,
3.09167,0,0,0,0,-16.99579149,7.51806713,-1396.739196,350.4941443,90.02008677,2.489199873,3.918037794e-06,5.16995835,35.16064663,19.72137998,-155.0578101,,,,,
3.11667,0,0,0,0,-17.67902596,7.424076204,-1401.465866,350.4941443,90.02521002,2.483856607,4.114839746e-06,5.169958664,35.16064713,19.72137998,-155.0578101,,,,,
3.14167,0,0,0,0,-18.35750424,7.412766024,-1406.272629,350.4941443,90.02812135,2.478545768,4.26870322e-06,5.169958973,35.16064762,19.72137998,-155.0578101,,,,,
3.14167,0,0,0,0,-18.35750424,7.412766024,-1406.272629,350.4941443,90.02812135,2.478545768,4.26870322e-06,5.169958973,35.16064762,19.72137998,-155.0578101,,,,,
3.18333,0,0,0,0,-19.47917202,7.382094542,-1413.559556,350.4941443,90.03023354,2.46976698,4.28798734e-06,5.169959554,35.1606485,19.72137998,-155.0578101,,,,,
3.18333,0,0,0,0,-19.47917202,7.382094542,-1413.559556,350.4941443,90.03023354,2.46976698,4.28798734e-06,5.169959554,35.1606485,19.72137998,-155.0578101,,,,,
3.20833,0,0,0,0,-20.15000167,7.442054363,-1418.587408,350.4941443,90.03078301,2.464543709,4.398017048e-06,5.169959117,35.16064903,19.72137998,-155.0578101,,,,,
3.25,0,0,0,0,-20.82169102,7.461659157,-1423.532208,350.4941443,90.03107819,2.459353929,4.611295965e-06,5.169959465,35.16064955,19.72137998,-155.0578101,,,,,
3.25,0,0,0,0,-20.82169102,7.461659157,-1423.532208,350.4941443,90.03107819,2.459353929,4.611295965e-06,5.169959465,35.16064955,19.72137998,-155.0578101,,,,,
4.25,0,0,0,0,0,0,-0,0,0,347.1104139,357.1119794,1970.181398,2000.473611,19.72415188,-155.0518971,,,,,
4.25,0,0,0,0,0,0,-0,0,0,347.1104139,357.1119794,1970.181398,2000.473611,19.72415188,-155.0518971,,,,,
4.25,0,0,0,0,0,0,-0,0,0,347.1104139,357.1119794,1970.181398,2000.473611,19.72415188,-155.0518971,,,,,
4.25,0,0,0,0,0,0,-0,0,0,347.1104139,357.1119794,1970.181398,2000.473611,19.72415188,-155.0518971,,,,,
4.25,0,0,0,0,0,0,-0,0,0,347.1104139,357.1119794,1970.181398,2000.473611,19.72415188,-155.0518971,,,,,
4.25,0,0,0,0,0,0,-0,0,0,347.1104139,357.1119794,1970.181398,2000.473611,19.72415188,-155.0518971,,,,,
4.25,0,0,0,0,0,0,-0,0,0,347.1104139,357.1119794,1970.181398,2000.473611,19.72415188,-155.0518971,,,,,
4.25,0,0,0,0,0,0,-0,0,0,347.1104139,357.1119794,1970.181398,2000.473611,19.72415188,-155.0518971,,,,,
4.25,0,0,0,0,0,0,-0,0,0,347.1104139,357.1119794,1970.181398,2000.473611,19.72415188,-155.0518971,,,,,
4.25,0,0,0,0,0,0,-0,0,0,347.1104139,357.1119794,1970.181398,2000.473611,19.72415188,-155.0518971,,,,,
4.25,0,0,0,0,0,0,-0,0,0,347.1104139,357.1119794,1970.181398,2000.473611,19.72415188,-155.0518971,,,,,
4.25,0,0,0,0,0,0,-0,0,0,347.1104139,357.1119794,1970.181398,2000.473611,19.72415188,-155.0518971,,,,,
4.25,0,0,0,0,0,0,-0,0,0,347.1104139,357.1119794,1970.181398,2000.473611,19.72415188,-155.0518971,,,,,
4.25,0,0,0,0,0,0,-0,0,0,347.1104139,357.1119794,1970.181398,2000.473611,19.72415188,-155.0518971,,,,,
4.25,0,0,0,0,0,0,-0,0,0,347.1104139,357.1119794,1970.181398,2000.473611,19.72415188,-155.0518971,,,,,
4.25,0,0,0,0,0,0,-0,0,0,347.1104139,357.1119794,1970.181398,2000.473611,19.72415188,-155.0518971,,,,,
4.25,0,0,0,0,0,0,-0,0,0,347.1104139,357.1119794,1970.181398,2000.473611,19.72415188,-155.0518971,,,,,
4.25,0,0,0,0,0,0,-0,0,0,347.1104139,357.1119794,1970.181398,2000.473611,19.72415188,-155.0518971,,,,,
4.25,0,0,0,0,0,0,-0,0,0,347.1104139,357.1119794,1970.181398,2000.473611,19.72415188,-155.0518971,,,,,
4.25,0,0,0,0,0,0,-0,0,0,347.1104139,357.1119794,1970.181398,2000.473611,19.72415188,-155.0518971,,,,,
4.25,0,0,0,0,0,0,-0,0,0,347.1104139,357.1119794,1970.181398,2000.473611,19.72415188,-155.0518971,,,,,
4.25,0,0,0,0,0,0,-0,0,0,347.1104139,357.1119794,1970.181398,2000.473611,19.72415188,-155.0518971,,,,,
4.25,0,0,0,0,0,0,-0,0,0,347.1104139,357.1119794,1970.181398,2000.473611,19.72415188,-155.0518971,,,,,
4.25,0,0,0,0,0,0,-0,0,0,347.1104139,357.1119794,1970.181398,2000.473611,19.72415188,-155.0518971,,,,,
4.25,0,0,0,0,0,0,-0,0,0,347.1104139,357.1119794,1970.181398,2000.473611,19.72415188,-155.0518971,,,,,
4.25,0,0,0,0,0,0,-0,0,0,347.1104139,357.1119794,1970.181398,2000.473611,19.72415188,-155.0518971,,,,,
4.25,0,0,0,0,0,0,-0,0,0,347.1104139,357.1119794,1970.181398,2000.473611,19.72415188,-155.0518971,,,,,
4.25,0,0,0,0,0,0,-0,0,0,347.1104139,357.1119794,1970.181398,2000.473611,19.72415188,-155.0518971,,,,,
4.25,0,0,0,0,0,0,-0,0,0,347.1104139,357.1119794,1970.181398,2000.473611,19.72415188,-155.0518971,,,,,
4.25,0,0,0,0,0,0,-0,0,0,347.1104139,357.1119794,1970.181398,2000.473611,19.72415188,-155.0518971,,,,,
4.25,0,0,0,0,0,0,-0,0,0,347.1104139,357.1119794,1970.181398,2000.473611,19.72415188,-155.0518971,,,,,
4.25,0,0,0,0,0,0,-0,0,0,347.1104139,357.1119794,1970.181398,2000.473611,19.72415188,-155.0518971,,,,,
4.25,0,0,0,0,0,0,-0,0,0,347.1104139,357.1119794,1970.181398,2000.473611,19.72415188,-155.0518971,,,,,
4.25,0,0,0,0,0,0,-0,0,0,347.1104139,357.1119794,1970.181398,2000.473611,19.72415188,-155.0518971,,,,,
4.25,0,0,0,0,0,0,-0,0,0,347.1104139,357.1119794,1970.181398,2000.473611,19.72415188,-155.0518971,,,,,
4.25,0,0,0,0,0,0,-0,0,0,347.1104139,357.1119794,1970.181398,2000.473611,19.72415188,-155.0518971,,,,,
4.25,0,0,0,0,0,0,-0,0,0,347.1104139,357.1119794,1970.181398,2000.473611,19.72415188,-155.0518971,,,,,
4.25,0,0,0,0,0,0,-0,0,0,347.1104139,357.1119794,1970.181398,2000.473611,19.72415188,-155.0518971,,,,,
4.25,0,0,0,0,0,0,-0,0,0,347.1104139,357.1119794,1970.181398,2000.473611,19.72415188,-155.0518971,,,,,
4.25,0,0,0,0,0,0,-0,0,0,347.1104139,357.1119794,1970.181398,2000.473611,19.72415188,-155.0518971,,,,,
4.25,0,0,0,0,0,0,-0,0,0,347.1104139,357.1119794,1970.181398,2000.473611,19.72415188,-155.0518971,,,,,
4.25,0,0,0,0,0,0,-0,0,0,347.1104139,357.1119794,1970.181398,2000.473611,19.72415188,-155.0518971,,,,,
4.25,0,0,0,0,0,0,-0,0,0,347.1104139,357.1119794,1970.181398,2000.473611,19.72415188,-155.0518971,,,,,
4.25,0,0,0,0,0,0,-0,0,0,347.1104139,357.1119794,1970.181398,2000.473611,19.72415188,-155.0518971,,,,,
4.25,0,0,0,0,0,0,-0,0,0,347.1104139,357.1119794,1970.181398,2000.473611,19.72415188,-155.0518971,,,,,
4.25,0,0,0,0,0,0,-0,0,0,347.1104139,357.1119794,1970.181398,2000.473611,19.72415188,-155.0518971,,,,,
4.25,0,0,0,0,0,0,-0,0,0,347.1104139,357.1119794,1970.181398,2000.473611,19.72415188,-155.0518971,,,,,
4.25,0,0,0,0,0,0,-0,0,0,347.1104139,357.1119794,1970.181398,2000.473611,19.72415188,-155.0518971,,,,,
4.25,0,0,0,0,0,0,-0,0,0,347.1104139,357.1119794,1970.181398,2000.473611,19.72415188,-155.0518971,,,,,
4.25,0,0,0,0,0,0,-0,0,0,347.1104139,357.1119794,1970.181398,2000.473611,19.72415188,-155.0518971,,,,,
4.325,0,0,0,0,1810.87869,272.3829998,14296.42129,350.5366352,359.9979358,314.0779096,313.9230764,1916.064306,1948.430995,19.72574695,-155.0518964,,,,,
4.325,0,0,0,0,1810.87869,272.3829998,14296.42129,350.5366352,359.9979358,314.0779096,313.9230764,1916.064306,1948.430995,19.72574695,-155.0518964,,,,,
4.325,0,0,0,0,1810.87869,272.3829998,14296.42129,350.5366352,359.9979358,314.0779096,313.9230764,1916.064306,1948.430995,19.72574695,-155.0518964,,,,,
4.325,0,0,0,0,1810.87869,272.3829998,14296.42129,350.5366352,359.9979358,314.0779096,313.9230764,1916.064306,1948.430995,19.72574695,-155.0518964,,,,,
4.35833,0,0,0,0,1797.270253,271.2765102,14095.75199,350.5404568,359.9963816,310.7280107,308.7848662,1905.48466,1938.029264,19.72585551,-155.0518963,,,,,
4.375,0,0,0,0,1789.364679,270.5705207,14020.15373,350.5423266,359.9954234,309.3205874,306.5424222,1900.542183,1933.166339,19.72590319,-155.0518962,,,,,
4.39167,0,0,0,0,1785.331887,270.2602505,13984.59952,350.543308,359.9948696,308.6329033,305.4305387,1898.017218,1930.680697,19.7259269,-155.0518962,,,,,
4.40833,0,0,0,0,1781.320336,269.9633742,13950.77997,350.5443208,359.9942607,307.9580981,304.3249228,1895.455761,1928.159316,19.72595053,-155.0518962,,,,,
4.425,0,0,0,0,1777.384068,269.6983166,13918.42826,350.5453666,359.9935928,307.2938205,303.2256255,1892.85909,1925.602468,19.72597407,-155.0518962,,,,,
4.44167,0,0,0,0,1773.559527,269.4710233,13887.31622,350.5464467,359.9928617,306.6401349,302.1326998,1890.22727,1923.010409,19.72599752,-155.0518962,,,,,
4.475,0,0,0,0,1766.32733,269.1303412,13828.05712,350.5487191,359.9911918,305.3647263,299.9660898,1884.859386,1917.721633,19.72604418,-155.0518961,,,,,
4.49167,0,0,0,0,1762.937594,269.0132376,13799.59814,350.5499144,359.9902439,304.7430523,298.8924154,1882.123192,1915.025374,19.72606739,-155.0518961,,,,,
4.50833,0,0,0,0,1759.700005,268.9283733,13771.74715,350.5511518,359.9892143,304.1320684,297.8251334,1879.353197,1912.294822,19.72609051,-155.0518961,,,,,
4.53333,0,0,0,0,1756.610038,268.8732475,13744.39675,350.5524325,359.988098,303.531754,296.7641962,1876.548606,1909.530179,19.72611355,-155.051896,,,,,
4.60833,0,0,0,0,1752.246309,268.8176664,13704.77657,350.5544351,359.9862502,302.6525641,295.1845324,1872.279245,1905.319715,19.72614795,-155.051896,,,,,
4.60833,0,0,0,0,1752.246309,268.8176664,13704.77657,350.5544351,359.9862502,302.6525641,295.1845324,1872.279245,1905.319715,19.72614795,-155.051896,,,,,
4.60833,0,0,0,0,1752.246309,268.8176664,13704.77657,350.5544351,359.9862502,302.6525641,295.1845324,1872.279245,1905.319715,19.72614795,-155.051896,,,,,
4.60833,0,0,0,0,1752.246309,268.8176664,13704.77657,350.5544351,359.9862502,302.6525641,295.1845324,1872.279245,1905.319715,19.72614795,-155.051896,,,,,
4.65,0,0,0,0,1741.284934,268.7931129,13599.42152,350.5611122,359.9792948,300.1605323,290.5267861,1859.018766,1892.236622,19.72625009,-155.0518959,,,,,
4.65,0,0,0,0,1741.284934,268.7931129,13599.42152,350.5611122,359.9792948,300.1605323,290.5267861,1859.018766,1892.236622,19.72625009,-155.0518959,,,,,
4.675,0,0,0,0,1736.243206,269.2382877,13533.64551,350.5653143,359.9743865,298.8552472,287.9889999,1851.358329,1884.679329,19.72630614,-155.0518958,,,,,
4.69167,0,0,0,0,1733.213991,269.5054528,13492.77539,350.5680166,359.9710403,298.1024352,286.4830783,1846.633738,1880.047135,19.72633953,-155.0518958,,,,,
4.70833,0,0,0,0,1731.156616,269.6787361,13465.17322,350.5699023,359.9686324,297.6131745,285.4857241,1843.443425,1876.91854,19.7263617,-155.0518957,,,,,
4.725,0,0,0,0,1729.066364,269.8364723,13437.72638,350.5718513,359.9660776,297.1349964,284.4934566,1840.221454,1873.757725,19.72638379,-155.0518957,,,,,
4.75,0,0,0,0,1726.953079,269.9924544,13410.37413,350.5738669,359.9633718,296.6663067,283.5061231,1836.966952,1870.564814,19.7264058,-155.0518957,,,,,
4.76667,0,0,0,0,1723.766808,270.2067494,13370.21724,350.577017,359.9590218,295.9823296,282.0340024,1832.026219,1865.715523,19.72643868,-155.0518956,,,,,
4.79167,0,0,0,0,1721.640692,270.3928568,13342.76042,350.579213,359.9559229,295.5352651,281.0582492,1828.69291,1862.442875,19.7264605,-155.0518956,,,,,
4.80833,0,0,0,0,1718.431375,270.6360902,13302.32613,350.5826381,359.9509698,294.8854961,279.6027207,1823.541909,1857.474485,19.7264931,-155.0518955,,,,,
4.825,0,0,0,0,1716.284392,270.8369935,13274.57867,350.5850229,359.9474619,294.4608404,278.6375655,1819.989017,1854.122757,19.72651473,-155.0518955,,,,,
4.85,0,0,0,0,1714.112471,271.0295822,13246.73725,350.5874844,359.943788,294.0465669,277.6764253,1816.435295,1850.739565,19.72653629,-155.0518954,,,,,
4.86667,0,0,0,0,1710.824205,271.2875493,13205.61284,350.5913237,359.9379658,293.4430951,276.2419777,1811.087467,1845.605981,19.7265685,-155.0518954,,,,,
4.89167,0,0,0,0,1708.615595,271.4995582,13177.2882,350.5939935,359.9338781,293.0488421,275.2903584,1807.53137,1842.144518,19.72658988,-155.0518954,,,,,
4.90833,0,0,0,0,1705.255006,271.7724201,13135.41107,350.5981508,359.9274422,292.4774913,273.8697029,1802.138627,1836.893922,19.7266218,-155.0518953,,,,,
4.925,0,0,0,0,1702.987608,271.9911029,13106.53001,350.6010383,359.9229539,292.1043699,272.9269757,1798.505585,1833.354703,19.726643,-155.0518952,,,,,
4.94167,0,0,0,0,1700.678387,272.1981449,13077.47656,350.6040132,359.918313,291.7412457,271.9876508,1794.841381,1829.784516,19.72666412,-155.0518952,,,,,
4.975,0,0,0,0,1695.938788,272.6022644,13018.7849,350.610239,359.9085997,291.0412026,270.1217784,1787.473649,1822.551529,19.72670615,-155.0518951,,,,,
4.99167,0,0,0,0,1693.508795,272.8036171,12989.11086,350.6134304,359.903544,290.707868,269.2028431,1783.764256,1818.889066,19.72672705,-155.0518951,,,,,
5.00833,0,0,0,0,1691.037947,273.0050751,12959.19526,350.6166799,359.8983694,290.3855919,268.2935519,1780.02474,1815.19627,19.72674789,-155.051895,,,,,
5.03333,0,0,0,0,1688.52524,273.2064343,12929.0243,350.6199813,359.8930879,290.0740789,267.3936101,1776.255346,1811.473375,19.72676865,-155.051895,,,,,
5.05833,0,0,0,0,1684.69196,273.4763312,12884.25871,350.6250259,359.8849967,289.6282863,266.0608702,1770.545352,1805.8331,19.72679967,-155.0518949,,,,,
5.08333,0,0,0,0,1680.794194,273.7706638,12838.64955,350.6301906,359.8767521,289.2037008,264.7480942,1764.769155,1800.126372,19.72683053,-155.0518948,,,,,
5.08333,0,0,0,0,1680.794194,273.7706638,12838.64955,350.6301906,359.8767521,289.2037008,264.7480942,1764.769155,1800.126372,19.72683053,-155.0518948,,,,,
5.10833,0,0,0,0,1676.810224,274.0687544,12792.2199,350.6354726,359.8684184,288.8011117,263.4543032,1758.927883,1794.353918,19.72686125,-155.0518947,,,,,
5.13333,0,0,0,0,1672.724638,274.3644937,12744.98847,350.6408738,359.8600699,288.4196467,262.1786181,1753.02144,1788.516436,19.72689181,-155.0518947,,,,,
5.15,0,0,0,0,1668.526718,274.6561574,12696.97106,350.646394,359.8517908,288.0585749,260.9203735,1747.051504,1782.614606,19.72692223,-155.0518946,,,,,
5.175,0,0,0,0,1665.655324,274.8751915,12663.78113,350.650145,359.846356,287.8270142,260.0909408,1743.036222,1778.644629,19.72694243,-155.0518945,,,,,
5.19167,0,0,0,0,1661.227048,275.1370748,12614.65469,350.6558602,359.8384062,287.5003216,258.8605203,1736.960989,1772.637009,19.72697261,-155.0518944,,,,,
5.20833,0,0,0,0,1658.205845,275.3472674,12580.69459,350.6597436,359.8332887,287.2898775,258.0492035,1732.876033,1768.5971,19.72699265,-155.0518944,,,,,
5.225,0,0,0,0,1655.115983,275.5406472,12546.50295,350.6636755,359.8283571,287.0894863,257.2449515,1728.763652,1764.529544,19.72701263,-155.0518943,,,,,
5.24167,0,0,0,0,1651.982347,275.7262849,12512.0672,350.667659,359.8236473,286.8971502,256.4476804,1724.623829,1760.434524,19.72703254,-155.0518942,,,,,
5.26667,0,0,0,0,1648.807267,275.9081474,12477.37709,350.6716926,359.8191967,286.7127391,255.6573174,1720.456943,1756.312221,19.7270524,-155.0518942,,,,,
5.28333,0,0,0,0,1643.985491,276.1429529,12426.00282,350.6778312,359.8130912,286.4526379,254.4845874,1714.15609,1750.078006,19.72708206,-155.0518941,,,,,
5.30833,0,0,0,0,1640.735172,276.3446313,12390.46034,350.6819931,359.8094585,286.2856862,253.7116102,1709.922128,1745.888278,19.72710177,-155.051894,,,,,
5.325,0,0,0,0,1635.782727,276.5873803,12337.86035,350.6883055,359.8047664,286.0555235,252.5695849,1703.521451,1739.553879,19.72713121,-155.0518939,,,,,
5.34167,0,0,0,0,1632.436356,276.7904622,12301.48944,350.6925694,359.8022021,285.9092057,251.8203783,1699.221587,1735.298125,19.72715077,-155.0518938,,,,,
5.375,0,0,0,0,1625.575899,277.160019,12228.02423,350.7011924,359.7986085,285.6449652,250.3514537,1690.545086,1726.709044,19.72718971,-155.0518937,,,,,
5.39167,0,0,0,0,1622.067981,277.3401698,12190.91506,350.7055527,359.7976588,285.5247691,249.6316151,1686.168566,1722.376241,19.72720909,-155.0518936,,,,,
5.40833,0,0,0,0,1618.51138,277.5206273,12153.54785,350.709942,359.7973249,285.4124745,248.9217784,1681.767081,1718.018282,19.72722842,-155.0518935,,,,,
5.43333,0,0,0,0,1614.907881,277.7023551,12115.9188,350.7143563,359.797643,285.3080894,248.222227,1677.340592,1713.635432,19.7272477,-155.0518935,,,,,
5.45,0,0,0,0,1609.437852,277.9417402,12060.25207,350.7210106,359.7994165,285.1682675,247.1925388,1670.655505,1707.015078,19.72727652,-155.0518933,,,,,
5.46667,0,0,0,0,1605.753445,278.1529702,12021.75414,350.7254767,359.8015079,285.0813205,246.5192512,1666.168134,1702.57118,19.72729566,-155.0518933,,,,,
5.49167,0,0,0,0,1602.016037,278.3513066,11983.01705,350.7299535,359.8043583,285.0040233,245.8565634,1661.657102,1698.103334,19.72731475,-155.0518932,,,,,
5.50833,0,0,0,0,1596.338062,278.6044203,11925.76445,350.7366788,359.8101063,284.9041867,244.8824917,1654.846212,1691.357248,19.7273433,-155.051893,,,,,
5.525,0,0,0,0,1592.512224,278.8227676,11886.19246,350.7411794,359.8149458,284.8433301,244.2463906,1650.27665,1686.830701,19.72736226,-155.051893,,,,,
5.54167,0,0,0,0,1588.631839,279.0268304,11846.39312,350.7456791,359.8206061,284.7917033,243.6208481,1645.684462,1682.281139,19.72738118,-155.0518929,,,,,
5.575,0,0,0,0,1580.722843,279.4224799,11766.07528,350.7546776,359.8344113,284.7092539,242.4010537,1636.431563,1673.114017,19.72741887,-155.0518927,,,,,
5.59167,0,0,0,0,1576.700009,279.6193205,11725.54138,350.7591707,359.8425535,284.6781072,241.8065732,1631.77187,1668.496974,19.72743765,-155.0518926,,,,,
5.60833,0,0,0,0,1572.634497,279.8165823,11684.74899,350.7636581,359.8515107,284.6534679,241.2221913,1627.090289,1663.857948,19.72745638,-155.0518925,,,,,
5.625,0,0,0,0,1568.527915,280.0144356,11643.69284,350.768137,359.8612668,284.6351782,240.6477726,1622.38687,1659.197187,19.72747507,-155.0518924,,,,,
5.64167,0,0,0,0,1564.38155,280.2128878,11602.36842,350.7726054,359.8717994,284.623083,240.0831879,1617.662456,1654.514937,19.72749371,-155.0518923,,,,,
5.68333,0,0,0,0,1555.973424,280.6113581,11518.89973,350.7815002,359.8950741,284.6168807,238.9830532,1608.149615,1645.086937,19.72753087,-155.0518921,,,,,
5.68333,0,0,0,0,1555.973424,280.6113581,11518.89973,350.7815002,359.8950741,284.6168807,238.9830532,1608.149615,1645.086937,19.72753087,-155.0518921,,,,,
5.725,0,0,0,0,1545.309117,281.099662,11414.21153,350.7923559,359.9279019,284.646804,237.6817801,1596.143175,1633.185785,19.72757708,-155.0518919,,,,,
5.725,0,0,0,0,1545.309117,281.099662,11414.21153,350.7923559,359.9279019,284.646804,237.6817801,1596.143175,1633.185785,19.72757708,-155.0518919,,,,,
5.75,0,0,0,0,1538.820365,281.3749152,11351.00239,350.7986493,359.9492958,284.6869229,236.9437269,1588.879267,1625.985292,19.72760469,-155.0518917,,,,,
5.775,0,0,0,0,1532.280342,281.6730749,11286.87197,350.8047865,359.9717242,284.7387469,236.2363065,1581.572658,1618.741388,19.72763222,-155.0518916,,,,,
5.8,0,0,0,0,1525.6739,281.9764897,11221.87117,350.8107609,359.9949722,284.803674,235.5584409,1574.223685,1611.455213,19.72765967,-155.0518914,,,,,
5.8,0,0,0,0,1525.6739,281.9764897,11221.87117,350.8107609,359.9949722,284.803674,235.5584409,1574.223685,1611.455213,19.72765967,-155.0518914,,,,,
5.84167,0,0,0,0,1514.483211,282.5148863,11110.62262,350.8203679,0.03492603717,284.9365054,234.4910371,1561.884948,1599.22061,19.72770524,-155.0518911,,,,,
5.84167,0,0,0,0,1514.483211,282.5148863,11110.62262,350.8203679,0.03492603717,284.9365054,234.4910371,1561.884948,1599.22061,19.72770524,-155.0518911,,,,,
5.875,0,0,0,0,1503.014723,283.0165184,10997.55879,350.8295293,0.07547030712,285.1023361,233.4975255,1549.436696,1586.876453,19.72775062,-155.0518908,,,,,
5.89167,0,0,0,0,1498.342252,283.2251053,10951.20908,350.8330737,0.0916225549,285.1766041,233.1198461,1544.427866,1581.909149,19.72776872,-155.0518907,,,,,
5.90833,0,0,0,0,1493.619529,283.4254953,10904.65403,350.8365489,0.1076443782,285.255142,232.7530619,1539.402731,1576.925333,19.72778678,-155.0518906,,,,,
5.925,0,0,0,0,1488.852135,283.6223717,10857.87849,350.8399565,0.1234782977,285.3377867,232.3969432,1534.402817,1571.925282,19.72780483,-155.0518905,,,,,
5.94167,0,0,0,0,1484.044465,283.8177278,10810.86972,350.8432968,0.1390708498,285.4243832,232.0512696,1529.499484,1566.909268,19.72782284,-155.0518904,,,,,
5.975,0,0,0,0,1474.321424,284.2067069,10716.11142,350.8497835,0.1693414202,285.6088415,231.3904087,1519.645701,1556.830406,19.72785879,-155.0518901,,,,,
5.99167,0,0,0,0,1469.410949,284.400785,10668.34526,350.8529304,0.1839369071,285.7064225,231.074815,1514.695569,1551.768077,19.72787673,-155.05189,,,,,
6.00833,0,0,0,0,1464.470279,284.5946649,10620.31209,350.8560137,0.1981260908,285.8073938,230.7688523,1509.730712,1546.690817,19.72789464,-155.0518899,,,,,
6.025,0,0,0,0,1459.500791,284.7883471,10572.0064,350.8590333,0.2118805078,285.9116283,230.4723302,1504.750778,1541.598875,19.72791253,-155.0518898,,,,,
6.04167,0,0,0,0,1454.503599,284.9818205,10523.42348,350.86199,0.225176611,286.0190027,230.1850602,1499.756205,1536.492492,19.7279304,-155.0518897,,,,,
6.08333,0,0,0,0,1449.479618,285.1750705,10474.55923,350.864884,0.2379955344,286.1293978,229.9068562,1494.747536,1531.371906,19.72794825,-155.0518895,,,,,
6.08333,0,0,0,0,1449.479618,285.1750705,10474.55923,350.864884,0.2379955344,286.1293978,229.9068562,1494.747536,1531.371906,19.72794825,-155.0518895,,,,,
6.10833,0,0,0,0,1436.987278,285.4970115,10359.53457,350.8718387,0.2678708542,286.425073,229.2498871,1482.164215,1518.509825,19.72799277,-155.0518892,,,,,
6.125,0,0,0,0,1429.554562,285.8857028,10284.50288,350.8758307,0.2842715752,286.6013732,228.8811676,1474.573174,1510.752135,19.72801943,-155.051889,,,,,
6.14167,0,0,0,0,1424.525211,286.134624,10232.8811,350.878426,0.2945649855,286.7228071,228.6456073,1469.496024,1505.563946,19.72803717,-155.0518889,,,,,
6.175,0,0,0,0,1414.262553,286.5448416,10129.31873,350.8834266,0.3136227383,286.9775815,228.1983732,1459.303039,1495.149173,19.72807261,-155.0518887,,,,,
6.19167,0,0,0,0,1409.052411,286.7360146,10077.31559,350.8858386,0.3223958818,287.1083305,227.9863971,1454.187818,1489.923002,19.72809031,-155.0518885,,,,,
6.20833,0,0,0,0,1403.801096,286.9247187,10025.13031,350.8881909,0.330673646,287.241211,227.7819895,1449.060045,1484.684575,19.72810799,-155.0518884,,,,,
6.225,0,0,0,0,1398.514828,287.1125008,9972.742163,350.8904971,0.3384639605,287.3758255,227.5832299,1443.919906,1479.434076,19.72812565,-155.0518883,,,,,
6.24167,0,0,0,0,1393.198448,287.2999439,9920.133526,350.8927678,0.3457760966,287.5120618,227.3897035,1438.768029,1474.171637,19.7281433,-155.0518881,,,,,
6.275,0,0,0,0,1382.489494,287.6744857,9814.194989,350.8971978,0.3590091512,287.7892291,227.01819,1428.428434,1463.611499,19.72817856,-155.0518879,,,,,
6.3,0,0,0,0,1377.102022,287.861616,9760.83958,350.8993564,0.3649540256,287.9300621,226.8400332,1423.241188,1458.314072,19.72819616,-155.0518878,,,,,
6.3,0,0,0,0,1377.102022,287.861616,9760.83958,350.8993564,0.3649540256,287.9300621,226.8400332,1423.241188,1458.314072,19.72819616,-155.0518878,,,,,
6.33333,0,0,0,0,1363.613411,288.3151297,9627.893789,350.9045861,0.3779611338,288.2883026,226.4160265,1410.222986,1445.020933,19.72824012,-155.0518874,,,,,
6.35,0,0,0,0,1358.187208,288.5135439,9573.286506,350.9066144,0.3820701784,288.433925,226.2546726,1404.996348,1439.684184,19.72825768,-155.0518873,,,,,
6.36667,0,0,0,0,1352.735108,288.7042219,9518.417444,350.9086046,0.3859510479,288.5807998,226.0978567,1399.758365,1434.336483,19.72827522,-155.0518872,,,,,
6.38333,0,0,0,0,1347.259985,288.8914565,9463.273274,350.9105577,0.3895692195,288.7288771,225.9454593,1394.50956,1428.977948,19.72829276,-155.051887,,,,,
6.425,0,0,0,0,1336.24907,289.2618859,9352.113163,350.914354,0.3959389977,289.0284454,225.65344,1383.97985,1418.228845,19.7283278,-155.0518867,,,,,
6.425,0,0,0,0,1336.24907,289.2618859,9352.113163,350.914354,0.3959389977,289.0284454,225.65344,1383.97985,1418.228845,19.7283278,-155.0518867,,,,,
6.44167,0,0,0,0,1327.969624,289.4946381,9270.025425,350.9170969,0.3999247023,289.2584781,225.4451515,1376.054587,1410.139433,19.72835405,-155.0518865,,,,,
6.475,0,0,0,0,1316.902335,289.9036989,9156.066956,350.9206448,0.404181303,289.5626984,225.1809919,1365.451692,1399.317467,19.72838901,-155.0518863,,,,,
6.49167,0,0,0,0,1311.329584,290.0913943,9098.655007,350.9223615,0.4058654719,289.7174792,225.0544963,1360.134582,1393.891253,19.72840648,-155.0518861,,,,,
6.50833,0,0,0,0,1305.734843,290.2756233,9040.935666,350.9240424,0.4072616502,289.8731413,224.9315946,1354.807664,1388.455021,19.72842393,-155.051886,,,,,
6.525,0,0,0,0,1300.120346,290.4582749,8982.896444,350.925687,0.4083768699,290.0296505,224.8121969,1349.470837,1383.008869,19.72844138,-155.0518859,,,,,
6.54167,0,0,0,0,1294.487832,290.6401604,8924.525912,350.9272972,0.4092185345,290.1869748,224.6962182,1344.123996,1377.552892,19.72845882,-155.0518857,,,,,
6.575,0,0,0,0,1283.173861,291.0028172,8806.749355,350.9304086,0.4101115837,290.5039488,224.4742012,1333.401045,1366.611841,19.72849367,-155.0518854,,,,,
6.59167,0,0,0,0,1277.494265,291.1837981,8747.324121,350.9319107,0.4101782527,290.6635428,224.3680151,1328.025319,1361.126948,19.72851108,-155.0518853,,,,,
6.60833,0,0,0,0,1271.800497,291.364596,8687.528887,350.9333778,0.4100018426,290.8238403,224.2649518,1322.640042,1355.632597,19.72852848,-155.0518851,,,,,
6.625,0,0,0,0,1266.093046,291.5452252,8627.355036,350.9348086,0.4095899232,290.9848168,224.1649458,1317.245201,1350.128873,19.72854588,-155.051885,,,,,
6.64167,0,0,0,0,1260.372296,291.7256947,8566.794166,350.9362038,0.4089500232,291.1464492,224.0679349,1311.840982,1344.615862,19.72856327,-155.0518849,,,,,
6.675,0,0,0,0,1248.892045,292.0861858,8444.478323,350.9388886,0.4070162166,291.4715942,223.8826604,1301.005239,1333.562313,19.72859803,-155.0518846,,,,,
6.7,0,0,0,0,1243.132983,292.266223,8382.706911,350.940177,0.4057372022,291.6350654,223.794283,1295.573679,1328.021937,19.72861539,-155.0518844,,,,,
6.71667,0,0,0,0,1234.498229,292.4915048,8291.672061,350.9420355,0.4034494835,291.883998,223.6668997,1287.409323,1319.694596,19.72864143,-155.0518842,,,,,
6.725,0,0,0,0,1228.747922,292.701685,8228.460243,350.9432418,0.4016893236,292.0462102,223.5853423,1281.955421,1314.131963,19.72865879,-155.0518841,,,,,
6.74167,0,0,0,0,1225.858996,292.8191431,8195.850326,350.9438247,0.4007414602,292.1261687,223.5455477,1279.225179,1311.347354,19.72866746,-155.051884,,,,,
6.76667,0,0,0,0,1220.057122,292.9932607,8132.189693,350.9449753,0.3987144972,292.2944977,223.4679356,1273.757958,1305.771595,19.7286848,-155.0518839,,,,,
6.79167,0,0,0,0,1208.452199,293.3418911,8004.982476,350.9471622,0.3941613796,292.6246042,223.3203554,1262.797836,1294.594176,19.72871947,-155.0518836,,,,,
6.80833,0,0,0,0,1202.623994,293.526728,7939.771822,350.9482048,0.3916498462,292.794413,223.250305,1257.304874,1288.992659,19.72873679,-155.0518834,,,,,
6.83333,0,0,0,0,1196.776048,293.7076915,7874.126301,350.9492131,0.3889909559,292.9619843,223.1826802,1251.803472,1283.382699,19.72875411,-155.0518833,,,,,
6.85,0,0,0,0,1187.999509,293.9315096,7777.41439,350.9506493,0.384741852,293.216872,223.0857205,1243.535298,1274.952078,19.72878008,-155.0518831,,,,,
6.875,0,0,0,0,1182.151307,294.1408239,7710.202541,350.951575,0.3817458516,293.3828185,223.0239923,1238.012998,1269.321308,19.72879739,-155.0518829,,,,,
6.89167,0,0,0,0,1173.357133,294.3789187,7611.245327,350.9528817,0.3770239041,293.6392802,222.9356924,1229.714135,1260.859785,19.72882334,-155.0518827,,,,,
6.99167,0,0,0,0,1167.489044,294.5909343,7542.492596,350.9537208,0.3737341683,293.8062118,222.8796186,1224.16614,1255.20862,19.72884064,-155.0518825,,,,,
6.99167,0,0,0,0,1167.489044,294.5909343,7542.492596,350.9537208,0.3737341683,293.8062118,222.8796186,1224.16614,1255.20862,19.72884064,-155.0518825,,,,,
6.99167,0,0,0,0,1167.489044,294.5909343,7542.492596,350.9537208,0.3737341683,293.8062118,222.8796186,1224.16614,1255.20862,19.72884064,-155.0518825,,,,,
6.99167,0,0,0,0,1167.489044,294.5909343,7542.492596,350.9537208,0.3737341683,293.8062118,222.8796186,1224.16614,1255.20862,19.72884064,-155.0518825,,,,,
6.99167,0,0,0,0,1167.489044,294.5909343,7542.492596,350.9537208,0.3737341683,293.8062118,222.8796186,1224.16614,1255.20862,19.72884064,-155.0518825,,,,,
7.01667,0,0,0,0,1134.666607,295.0373094,7211.562273,350.9579299,0.3520952447,294.8592465,222.588632,1190.692055,1221.134887,19.72894434,-155.0518817,,,,,
7.03333,0,0,0,0,1126.998776,295.9208282,7085.457369,350.9588091,0.3462762467,295.0927298,222.5273357,1182.279689,1212.57275,19.72897024,-155.0518814,,,,,
7.05,0,0,0,0,1121.454453,296.2502551,7000.716047,350.9593637,0.3423218046,295.2625048,222.4889315,1176.661873,1206.855152,19.72898751,-155.0518813,,,,,
7.06667,0,0,0,0,1115.63888,296.472268,6917.039295,350.9598797,0.3383133507,295.4353454,222.4524673,1171.036917,1201.130015,19.72900477,-155.0518811,,,,,
7.08333,0,0,0,0,1109.623866,296.651188,6834.144324,350.9603626,0.3342564726,295.6084728,222.4179156,1165.40418,1195.397394,19.72902203,-155.051881,,,,,
7.10833,0,0,0,0,1100.341119,296.9144933,6709.649114,350.9610219,0.3280928297,295.8658802,222.3696097,1156.940713,1186.784553,19.72904791,-155.0518808,,,,,
7.125,0,0,0,0,1094.027763,297.0597394,6627.873826,350.9614278,0.323939591,296.0424945,222.3397327,1151.289508,1181.033463,19.72906517,-155.0518806,,,,,
7.14167,0,0,0,0,1087.663813,297.2142248,6546.130372,350.9617996,0.319757568,296.2165643,222.3116762,1145.631009,1175.275081,19.72908242,-155.0518805,,,,,
7.175,0,0,0,0,1074.858499,297.5382072,6382.16389,350.9624444,0.3113578147,296.5654541,222.2609431,1134.291937,1163.736644,19.72911692,-155.0518802,,,,,
7.19167,0,0,0,0,1068.442268,297.7048678,6299.693073,350.9627198,0.3071756917,296.7402602,222.2382205,1128.61207,1157.956694,19.72913416,-155.05188,,,,,
7.20833,0,0,0,0,1062.027835,297.8736895,6216.753107,350.9629643,0.3029892472,296.9152982,222.2172307,1122.924414,1152.169657,19.72915141,-155.0518799,,,,,
7.225,0,0,0,0,1055.620122,298.0442546,6133.248317,350.9631782,0.2987991762,297.0905614,222.1979518,1117.230121,1146.375583,19.72916865,-155.0518797,,,,,
7.24167,0,0,0,0,1049.222216,298.216256,6049.090634,350.9633618,0.2946093544,297.2660437,222.1803623,1111.528639,1140.574522,19.72918589,-155.0518796,,,,,
7.26667,0,0,0,0,1042.835831,298.3894544,5964.197943,350.9635151,0.2904241553,297.4417389,222.164441,1105.820519,1134.766523,19.72920313,-155.0518794,,,,,
7.28333,0,0,0,0,1033.307981,298.6050254,5838.937397,350.9636807,0.2841647233,297.7085219,222.1436528,1097.244783,1126.041621,19.72922899,-155.0518792,,,,,
7.3,0,0,0,0,1026.993688,298.8119229,5751.331054,350.9637659,0.2800106357,297.8818665,222.1318117,1091.519224,1120.216487,19.72924623,-155.051879,,,,,
7.33333,0,0,0,0,1014.359044,299.1822764,5573.291738,350.9638375,0.271764814,298.2348363,222.1128994,1080.048234,1108.54595,19.7292807,-155.0518787,,,,,
7.35833,0,0,0,0,1008.042621,299.3608689,5482.693517,350.9638307,0.2676806751,298.4115963,222.1057891,1074.302996,1102.700639,19.72929794,-155.0518786,,,,,
7.375,0,0,0,0,998.6007796,299.5809809,5348.581889,350.9637595,0.2616134251,298.6799498,222.098014,1065.672059,1093.920248,19.72932379,-155.0518784,,,,,
7.4,0,0,0,0,992.3317797,299.7901159,5254.334239,350.9636884,0.257613458,298.854257,222.0947147,1059.909714,1088.058435,19.72934103,-155.0518782,,,,,
7.4,0,0,0,0,992.3317797,299.7901159,5254.334239,350.9636884,0.257613458,298.854257,222.0947147,1059.909714,1088.058435,19.72934103,-155.0518782,,,,,
7.54167,0,0,0,0,976.684448,300.2389806,5016.435122,350.9633765,0.2477937719,299.2979425,222.0929629,1045.47605,1073.37546,19.72938411,-155.0518778,,,,,
7.54167,0,0,0,0,976.684448,300.2389806,5016.435122,350.9633765,0.2477937719,299.2979425,222.0929629,1045.47605,1073.37546,19.72938411,-155.0518778,,,,,
7.54167,0,0,0,0,976.684448,300.2389806,5016.435122,350.9633765,0.2477937719,299.2979425,222.0929629,1045.47605,1073.37546,19.72938411,-155.0518778,,,,,
7.54167,0,0,0,0,976.684448,300.2389806,5016.435122,350.9633765,0.2477937719,299.2979425,222.0929629,1045.47605,1073.37546,19.72938411,-155.0518778,,,,,
7.54167,0,0,0,0,976.684448,300.2389806,5016.435122,350.9633765,0.2477937719,299.2979425,222.0929629,1045.47605,1073.37546,19.72938411,-155.0518778,,,,,
7.54167,0,0,0,0,976.684448,300.2389806,5016.435122,350.9633765,0.2477937719,299.2979425,222.0929629,1045.47605,1073.37546,19.72938411,-155.0518778,,,,,
7.54167,0,0,0,0,976.684448,300.2389806,5016.435122,350.9633765,0.2477937719,299.2979425,222.0929629,1045.47605,1073.37546,19.72938411,-155.0518778,,,,,
7.56667,0,0,0,0,934.906247,300.774857,4463.084094,350.9613549,0.2204819501,300.6725053,222.1416461,1001.936292,1029.088644,19.72951339,-155.0518767,,,,,
7.59167,0,0,0,0,927.3257228,301.8998822,4246.093312,350.9608091,0.2154600465,300.9053947,222.1604033,993.1862823,1020.189517,19.72953925,-155.0518765,,,,,
7.60833,0,0,0,0,918.6340837,302.347254,4031.216162,350.960215,0.210586609,301.1736989,222.1820955,984.4235585,1011.27678,19.72956511,-155.0518763,,,,,
7.625,0,0,0,0,912.416622,302.5726393,3883.891625,350.9597978,0.2074226726,301.3497112,222.1981519,978.5737765,1005.327459,19.72958235,-155.0518761,,,,,
7.64167,0,0,0,0,905.9432761,302.7451754,3735.878654,350.9593523,0.2043281929,301.5287615,222.2154696,972.7180407,999.3721865,19.72959959,-155.051876,,,,,
7.675,0,0,0,0,892.51859,303.0485284,3434.418608,350.9583955,0.1983532861,301.8870793,222.2538199,960.9888598,987.4439376,19.72963409,-155.0518757,,,,,
7.69167,0,0,0,0,885.6703316,303.1990977,3279.215523,350.9578848,0.1954755798,302.0663389,222.2748222,955.1161894,981.4710368,19.72965133,-155.0518755,,,,,
7.70833,0,0,0,0,878.7793141,303.352721,3119.744079,350.9573536,0.1926728306,302.2456605,222.2970219,949.2368159,975.4923345,19.72966858,-155.0518754,,,,,
7.725,0,0,0,0,871.8697959,303.509864,2954.882881,350.9568012,0.189946319,302.4251305,222.320585,943.3519744,969.507868,19.72968584,-155.0518752,,,,,
7.74167,0,0,0,0,864.9591972,303.6704014,2783.302648,350.9562271,0.1872967731,302.604752,222.3455225,937.4617057,963.5176759,19.72970309,-155.0518751,,,,,
7.775,0,0,0,0,851.1793235,304.000222,2412.90912,350.9550165,0.1822303921,302.9644356,222.3994966,925.6637369,951.5202675,19.72973761,-155.0518748,,,,,
7.79167,0,0,0,0,844.3232328,304.1687305,2209.028791,350.9543798,0.1798143364,303.1444878,222.4284959,919.756112,945.5131267,19.72975487,-155.0518746,,,,,
7.80833,0,0,0,0,837.4941777,304.3391739,1987.431195,350.9537242,0.177476666,303.3246748,222.4588181,913.843308,939.5004113,19.72977213,-155.0518745,,,,,
7.825,0,0,0,0,830.693259,304.5112606,1741.288837,350.9530484,0.1752174479,303.5049944,222.4904589,907.924663,933.4821581,19.72978939,-155.0518744,,,,,
7.84167,0,0,0,0,823.9203624,304.6847424,1458.282176,350.9523541,0.1730367175,303.6854443,222.5234128,902.0007133,927.4584038,19.72980666,-155.0518742,,,,,
7.875,0,0,0,0,810.454187,305.0350828,597.7049203,350.9509082,0.1689108192,304.0467234,222.5932157,890.1246332,915.3945377,19.7298412,-155.0518739,,,,,
7.89167,0,0,0,0,803.7574507,305.2116139,-698.6868519,350.9501584,0.1669656021,304.2275463,222.6300381,884.153549,909.3544978,19.72985848,-155.0518738,,,,,
7.90833,0,0,0,0,797.0821892,305.3888763,-1139.282284,350.9493904,0.1650987389,304.4084875,222.6681232,878.1773048,903.3091005,19.72987576,-155.0518736,,,,,
7.925,0,0,0,0,790.4261878,305.5667638,-1446.673833,350.9486051,0.1633100541,304.5895439,222.7074564,872.1955343,897.258381,19.72989304,-155.0518735,,,,,
8.05,0,0,0,0,783.7872237,305.7451869,-1696.150318,350.9478034,0.1615993077,304.7707125,222.7480207,866.2084234,891.2023737,19.72991033,-155.0518733,,,,,
8.05,0,0,0,0,783.7872237,305.7451869,-1696.150318,350.9478034,0.1615993077,304.7707125,222.7480207,866.2084234,891.2023737,19.72991033,-155.0518733,,,,,
8.05,0,0,0,0,783.7872237,305.7451869,-1696.150318,350.9478034,0.1615993077,304.7707125,222.7480207,866.2084234,891.2023737,19.72991033,-155.0518733,,,,,
8.05,0,0,0,0,783.7872237,305.7451869,-1696.150318,350.9478034,0.1615993077,304.7707125,222.7480207,866.2084234,891.2023737,19.72991033,-155.0518733,,,,,
8.05,0,0,0,0,783.7872237,305.7451869,-1696.150318,350.9478034,0.1615993077,304.7707125,222.7480207,866.2084234,891.2023737,19.72991033,-155.0518733,,,,,
8.05,0,0,0,0,783.7872237,305.7451869,-1696.150318,350.9478034,0.1615993077,304.7707125,222.7480207,866.2084234,891.2023737,19.72991033,-155.0518733,,,,,
8.08333,0,0,0,0,740.0718059,306.2583718,-2528.87016,350.941167,0.1514357379,306.1729204,223.0906457,821.1415042,845.6172662,19.73004007,-155.0518722,,,,,
8.08333,0,0,0,0,740.0718059,306.2583718,-2528.87016,350.941167,0.1514357379,306.1729204,223.0906457,821.1415042,845.6172662,19.73004007,-155.0518722,,,,,
8.1,0,0,0,0,729.3545671,307.5325049,-2899.417135,350.9393006,0.1494674377,306.5030161,223.1922892,809.075716,833.4130949,19.73007471,-155.051872,,,,,
8.13333,0,0,0,0,716.8641573,308.0942288,-3218.630924,350.937391,0.1477695315,306.8611815,223.2980435,796.9901507,821.189111,19.73010936,-155.0518717,,,,,
8.15,0,0,0,0,710.1677445,308.2643207,-3357.446713,350.9364174,0.1470174374,307.0434849,223.3524371,790.9400075,815.0697619,19.73012669,-155.0518715,,,,,
8.16667,0,0,0,0,703.2858419,308.4177293,-3485.891868,350.935432,0.1463281644,307.225861,223.407822,784.8849931,808.9455459,19.73014403,-155.0518714,,,,,
8.19167,0,0,0,0,696.2798355,308.5676439,-3605.785508,350.9344364,0.1457004765,307.4083076,223.4641834,778.8250854,802.8164912,19.73016137,-155.0518713,,,,,
8.20833,0,0,0,0,685.6672649,308.7486451,-3766.57416,350.9329136,0.1448718713,307.6852449,223.5505402,769.7265334,793.6138974,19.73018739,-155.051871,,,,,
8.23333,0,0,0,0,678.5733593,308.9379046,-3871.722224,350.9318973,0.144393357,307.8647192,223.6092809,763.6547439,787.4728663,19.73020474,-155.0518709,,,,,
8.25,0,0,0,0,667.9266209,309.1485342,-4014.629291,350.930337,0.1437824681,308.1419098,223.6991405,754.5382909,778.2524344,19.73023078,-155.0518707,,,,,
8.275,0,0,0,0,660.853622,309.349157,-4109.539716,350.9292966,0.1434447597,308.321527,223.7601734,748.4546811,772.0995941,19.73024814,-155.0518705,,,,,
8.31667,0,0,0,0,650.2772563,309.5712842,-4239.71038,350.9277033,0.1430382117,308.5990606,223.8532941,739.3208717,762.8615683,19.73027419,-155.0518703,,,,,
8.31667,0,0,0,0,650.2772563,309.5712842,-4239.71038,350.9277033,0.1430382117,308.5990606,223.8532941,739.3208717,762.8615683,19.73027419,-155.0518703,,,,,
8.45833,0,0,0,0,632.9906194,309.8722982,-4428.515614,350.9250265,0.1426173834,309.0635906,224.0119669,724.0742982,747.4416189,19.73031764,-155.05187,,,,,
8.45833,0,0,0,0,632.9906194,309.8722982,-4428.515614,350.9250265,0.1426173834,309.0635906,224.0119669,724.0742982,747.4416189,19.73031764,-155.05187,,,,,
8.45833,0,0,0,0,632.9906194,309.8722982,-4428.515614,350.9250265,0.1426173834,309.0635906,224.0119669,724.0742982,747.4416189,19.73031764,-155.05187,,,,,
8.45833,0,0,0,0,632.9906194,309.8722982,-4428.515614,350.9250265,0.1426173834,309.0635906,224.0119669,724.0742982,747.4416189,19.73031764,-155.05187,,,,,
8.45833,0,0,0,0,632.9906194,309.8722982,-4428.515614,350.9250265,0.1426173834,309.0635906,224.0119669,724.0742982,747.4416189,19.73031764,-155.05187,,,,,
8.45833,0,0,0,0,632.9906194,309.8722982,-4428.515614,350.9250265,0.1426173834,309.0635906,224.0119669,724.0742982,747.4416189,19.73031764,-155.05187,,,,,
8.45833,0,0,0,0,632.9906194,309.8722982,-4428.515614,350.9250265,0.1426173834,309.0635906,224.0119669,724.0742982,747.4416189,19.73031764,-155.05187,,,,,
8.49167,0,0,0,0,582.6969026,310.6456766,-4796.026666,350.9155623,0.1435624004,310.668158,224.5837127,672.0229817,694.7995278,19.7304656,-155.0518688,,,,,
8.49167,0,0,0,0,582.6969026,310.6456766,-4796.026666,350.9155623,0.1435624004,310.668158,224.5837127,672.0229817,694.7995278,19.7304656,-155.0518688,,,,,
8.51667,0,0,0,0,571.824613,312.0912046,-5010.046908,350.9133362,0.1441986301,310.99673,224.7246383,659.7284153,682.3656523,19.73050048,-155.0518686,,,,,
8.53333,0,0,0,0,562.2155986,312.5152756,-5154.649033,350.9116551,0.144741608,311.2716372,224.8319174,650.4957013,673.0285031,19.73052664,-155.0518684,,,,,
8.55,0,0,0,0,555.3394642,312.7308054,-5245.981905,350.9105409,0.1451313536,311.4540286,224.904176,644.335135,666.7981685,19.73054409,-155.0518682,,,,,
8.575,0,0,0,0,548.1898991,312.8956576,-5331.445344,350.9094176,0.1455411539,311.6398178,224.9770251,638.170075,660.5633939,19.73056155,-155.0518681,,,,,
8.59167,0,0,0,0,537.1764104,313.0686379,-5446.388948,350.9077183,0.1461905128,311.922059,225.0874087,628.9141282,651.2029338,19.73058775,-155.0518679,,,,,
8.70833,0,0,0,0,529.7377614,313.2479444,-5521.656287,350.9065943,0.1466451223,312.1050088,225.1617088,622.7381118,644.9571123,19.73060522,-155.0518677,,,,,
8.70833,0,0,0,0,529.7377614,313.2479444,-5521.656287,350.9065943,0.1466451223,312.1050088,225.1617088,622.7381118,644.9571123,19.73060522,-155.0518677,,,,,
8.70833,0,0,0,0,529.7377614,313.2479444,-5521.656287,350.9065943,0.1466451223,312.1050088,225.1617088,622.7381118,644.9571123,19.73060522,-155.0518677,,,,,
8.70833,0,0,0,0,529.7377614,313.2479444,-5521.656287,350.9065943,0.1466451223,312.1050088,225.1617088,622.7381118,644.9571123,19.73060522,-155.0518677,,,,,
8.70833,0,0,0,0,529.7377614,313.2479444,-5521.656287,350.9065943,0.1466451223,312.1050088,225.1617088,622.7381118,644.9571123,19.73060522,-155.0518677,,,,,
8.70833,0,0,0,0,529.7377614,313.2479444,-5521.656287,350.9065943,0.1466451223,312.1050088,225.1617088,622.7381118,644.9571123,19.73060522,-155.0518677,,,,,
8.73333,0,0,0,0,482.4291098,313.6101306,-5807.340284,350.8985098,0.1503739574,313.4522901,225.6982422,579.3840342,601.1139625,19.73072769,-155.0518668,,,,,
8.75,0,0,0,0,473.3319557,314.6795704,-5931.777302,350.896789,0.1512571384,313.6974772,225.8164356,570.0664318,591.691351,19.73075397,-155.0518666,,,,,
8.775,0,0,0,0,466.6995565,315.0418713,-6010.700732,350.8956503,0.1518491731,313.8818911,225.8958556,563.8492746,585.404227,19.7307715,-155.0518665,,,,,
8.79167,0,0,0,0,456.1880171,315.3146001,-6116.334949,350.893922,0.1527377918,314.167051,226.0159382,554.5155853,575.9654927,19.73079781,-155.0518663,,,,,
8.80833,0,0,0,0,448.9479135,315.5122014,-6185.099033,350.8927792,0.1533293066,314.3518404,226.0965999,548.2877518,569.6676515,19.73081535,-155.0518662,,,,,
8.825,0,0,0,0,441.5686299,315.6808982,-6250.546359,350.8916302,0.1539185383,314.5400897,226.1777461,542.0556938,563.3655403,19.7308329,-155.051866,,,,,
8.84167,0,0,0,0,434.1047963,315.8407997,-6313.173426,350.8904791,0.1545044577,314.728492,226.2593714,535.819472,557.0591687,19.73085046,-155.0518659,,,,,
8.875,0,0,0,0,419.0748757,316.1617127,-6431.539107,350.8881743,0.1556627811,315.1057542,226.4240381,523.3342727,544.4336812,19.7308856,-155.0518657,,,,,
8.89167,0,0,0,0,411.5595736,316.3266781,-6487.901161,350.8870202,0.156233508,315.294613,226.5070686,517.085415,538.1145836,19.73090317,-155.0518655,,,,,
8.91667,0,0,0,0,404.0657095,316.4949967,-6542.712719,350.8858652,0.156797535,315.483623,226.5905565,510.8322272,531.7912621,19.73092076,-155.0518654,,,,,
8.93333,0,0,0,0,392.9176129,316.7048594,-6618.877699,350.8841225,0.1576295022,315.7707673,226.7166502,501.9997723,522.2983797,19.73094714,-155.0518652,,,,,
8.95,0,0,0,0,385.5580412,316.9131321,-6671.206754,350.8829716,0.1581741679,315.9568066,226.8012595,496.1973719,515.9645367,19.73096474,-155.0518651,,,,,
8.975,0,0,0,0,378.223488,317.1040471,-6722.44435,350.8818144,0.1587096005,316.1463422,226.8863066,490.3911737,509.6265001,19.73098235,-155.051865,,,,,
8.99167,0,0,0,0,367.3093858,317.331499,-6794.032823,350.8800678,0.1594938544,316.4342888,227.0147038,481.6743497,500.1116004,19.73100877,-155.0518648,,,,,
9.00833,0,0,0,0,360.0972827,317.5468344,-6843.625537,350.8789143,0.1600035723,316.6208335,227.1008256,475.8579956,493.7631154,19.73102639,-155.0518646,,,,,
9.03333,0,0,0,0,352.9006816,317.742997,-6892.382124,350.8777546,0.160501644,316.8108896,227.1873663,470.0379195,487.4104651,19.73104402,-155.0518645,,,,,
9.05,0,0,0,0,342.1732963,317.9763439,-6960.717217,350.876005,0.1612255579,317.0996311,227.3179683,461.3001583,477.8736968,19.73107048,-155.0518643,,,,,
9.06667,0,0,0,0,335.0715174,318.1948521,-7008.297225,350.8748495,0.1616923466,317.2866761,227.4055364,455.4701942,471.5106668,19.73108812,-155.0518642,,,,,
9.09167,0,0,0,0,327.9738216,318.3937046,-7055.188957,350.8736881,0.1621454628,317.4772479,227.4935046,449.636188,465.143498,19.73110578,-155.0518641,,,,,
9.10833,0,0,0,0,317.3742963,318.6303602,-7121.025137,350.8719347,0.162798408,317.7667773,227.6262136,440.8778018,455.5850008,19.73113227,-155.0518639,,,,,
9.13333,0,0,0,0,310.3448976,318.8507828,-7167.01268,350.8707777,0.1632157075,317.9543181,227.7151635,435.0341208,449.2075166,19.73114994,-155.0518638,,,,,
9.15833,0,0,0,0,299.8246031,319.0996467,-7231.586102,350.8690232,0.1638130686,318.2444063,227.8493202,426.2610814,439.6335794,19.73117646,-155.0518636,,,,,
9.175,0,0,0,0,289.3680564,319.3773614,-7295.796934,350.8672744,0.1643757947,318.5314197,227.9843246,417.4792497,430.050409,19.73120299,-155.0518634,,,,,
9.19167,0,0,0,0,282.4070614,319.6071327,-7340.640291,350.8661148,0.1647312109,318.7195222,228.0747798,411.6199376,423.65651,19.73122069,-155.0518633,,,,,
9.20833,0,0,0,0,275.4234661,319.8117644,-7384.890235,350.8649499,0.1650700238,318.911185,228.1655985,405.7566599,417.2585236,19.7312384,-155.0518632,,,,,
9.23333,0,0,0,0,268.4243022,320.0060191,-7428.600884,350.8637829,0.1653918504,319.1029922,228.2567776,399.8896468,410.8564559,19.73125611,-155.051863,,,,,
9.45833,0,0,0,0,257.9404961,320.2422177,-7490.048267,350.862024,0.1658424136,319.3944107,228.3942288,391.0818196,401.2457161,19.73128269,-155.0518629,,,,,
9.45833,0,0,0,0,257.9404961,320.2422177,-7490.048267,350.862024,0.1658424136,319.3944107,228.3942288,391.0818196,401.2457161,19.73128269,-155.0518629,,,,,
9.45833,0,0,0,0,257.9404961,320.2422177,-7490.048267,350.862024,0.1658424136,319.3944107,228.3942288,391.0818196,401.2457161,19.73128269,-155.0518629,,,,,
9.45833,0,0,0,0,257.9404961,320.2422177,-7490.048267,350.862024,0.1658424136,319.3944107,228.3942288,391.0818196,401.2457161,19.73128269,-155.0518629,,,,,
9.45833,0,0,0,0,257.9404961,320.2422177,-7490.048267,350.862024,0.1658424136,319.3944107,228.3942288,391.0818196,401.2457161,19.73128269,-155.0518629,,,,,
9.45833,0,0,0,0,257.9404961,320.2422177,-7490.048267,350.862024,0.1658424136,319.3944107,228.3942288,391.0818196,401.2457161,19.73128269,-155.0518629,,,,,
9.45833,0,0,0,0,257.9404961,320.2422177,-7490.048267,350.862024,0.1658424136,319.3944107,228.3942288,391.0818196,401.2457161,19.73128269,-155.0518629,,,,,
9.45833,0,0,0,0,257.9404961,320.2422177,-7490.048267,350.862024,0.1658424136,319.3944107,228.3942288,391.0818196,401.2457161,19.73128269,-155.0518629,,,,,
9.45833,0,0,0,0,257.9404961,320.2422177,-7490.048267,350.862024,0.1658424136,319.3944107,228.3942288,391.0818196,401.2457161,19.73128269,-155.0518629,,,,,
9.45833,0,0,0,0,257.9404961,320.2422177,-7490.048267,350.862024,0.1658424136,319.3944107,228.3942288,391.0818196,401.2457161,19.73128269,-155.0518629,,,,,
9.45833,0,0,0,0,257.9404961,320.2422177,-7490.048267,350.862024,0.1658424136,319.3944107,228.3942288,391.0818196,401.2457161,19.73128269,-155.0518629,,,,,
