Time,axis0_aileron,axis1_elevator,axis2_throttle_all,axis3_rudder,indicated-altitude-ft,indicated-speed-kt,indicated-speed-fpm,indicated-track-magnetic-deg,indicated-heading-deg,airspeed-kt,groundspeed-kt,altitude-agl-ft,altitude-ft,latitude-deg,longitude-deg,balloon-lat,balloon-lon,balloon-alt,balloon-level,balloon-hit,balloons-count,balloon-scoring-closest-ft
0.883333,-6.127567396e-05,6.127567396e-05,0,0.07145799696,0,0,-0,0,270.05,0,0,5.170131204,35.16078145,19.72137997,-155.0578101,,,,,,,
0.883333,-6.127567396e-05,6.127567396e-05,0,0.07145799696,0,0,-0,0,270.05,0,0,5.170131204,35.16078145,19.72137997,-155.0578101,,,,,,,
0.883333,-6.127567396e-05,6.127567396e-05,0,0.07145799696,0,0,-0,0,270.05,0,0,5.170131204,35.16078145,19.72137997,-155.0578101,,,,,,,
0.883333,-6.127567396e-05,6.127567396e-05,0,0.07145799696,0,0,-0,0,270.05,0,0,5.170131204,35.16078145,19.72137997,-155.0578101,,,,,,,
0.883333,-6.127567396e-05,6.127567396e-05,0,0.07145799696,0,0,-0,0,270.05,0,0,5.170131204,35.16078145,19.72137997,-155.0578101,,,,,,,
0.883333,-6.127567396e-05,6.127567396e-05,0,0.07145799696,0,0,-0,0,270.05,0,0,5.170131204,35.16078145,19.72137997,-155.0578101,,,,,,,
0.883333,-6.127567396e-05,6.127567396e-05,0,0.07145799696,0,0,-0,0,270.05,0,0,5.170131204,35.16078145,19.72137997,-155.0578101,,,,,,,
0.883333,-6.127567396e-05,6.127567396e-05,0,0.07145799696,0,0,-0,0,270.05,0,0,5.170131204,35.16078145,19.72137997,-155.0578101,,,,,,,
0.883333,-6.127567396e-05,6.127567396e-05,0,0.07145799696,0,0,-0,0,270.05,0,0,5.170131204,35.16078145,19.72137997,-155.0578101,,,,,,,
0.883333,-6.127567396e-05,6.127567396e-05,0,0.07145799696,0,0,-0,0,270.05,0,0,5.170131204,35.16078145,19.72137997,-155.0578101,,,,,,,
0.883333,-6.127567396e-05,6.127567396e-05,0,0.07145799696,0,0,-0,0,270.05,0,0,5.170131204,35.16078145,19.72137997,-155.0578101,,,,,,,
0.883333,-6.127567396e-05,6.127567396e-05,0,0.07145799696,0,0,-0,0,270.05,0,0,5.170131204,35.16078145,19.72137997,-155.0578101,,,,,,,
0.883333,-6.127567396e-05,6.127567396e-05,0,0.07145799696,0,0,-0,0,270.05,0,0,5.170131204,35.16078145,19.72137997,-155.0578101,,,,,,,
0.883333,-6.127567396e-05,6.127567396e-05,0,0.07145799696,0,0,-0,0,270.05,0,0,5.170131204,35.16078145,19.72137997,-155.0578101,,,,,,,
0.883333,-6.127567396e-05,6.127567396e-05,0,0.07145799696,0,0,-0,0,270.05,0,0,5.170131204,35.16078145,19.72137997,-155.0578101,,,,,,,
0.883333,-6.127567396e-05,6.127567396e-05,0,0.07145799696,0,0,-0,0,270.05,0,0,5.170131204,35.16078145,19.72137997,-155.0578101,,,,,,,
0.883333,-6.127567396e-05,6.127567396e-05,0,0.07145799696,0,0,-0,0,270.05,0,0,5.170131204,35.16078145,19.72137997,-155.0578101,,,,,,,
0.883333,-6.127567396e-05,6.127567396e-05,0,0.07145799696,0,0,-0,0,270.05,0,0,5.170131204,35.16078145,19.72137997,-155.0578101,,,,,,,
0.883333,-6.127567396e-05,6.127567396e-05,0,0.07145799696,0,0,-0,0,270.05,0,0,5.170131204,35.16078145,19.72137997,-155.0578101,,,,,,,
0.883333,-6.127567396e-05,6.127567396e-05,0,0.07145799696,0,0,-0,0,270.05,0,0,5.170131204,35.16078145,19.72137997,-155.0578101,,,,,,,
0.883333,-6.127567396e-05,6.127567396e-05,0,0.07145799696,0,0,-0,0,270.05,0,0,5.170131204,35.16078145,19.72137997,-155.0578101,,,,,,,
0.883333,-6.127567396e-05,6.127567396e-05,0,0.07145799696,0,0,-0,0,270.05,0,0,5.170131204,35.16078145,19.72137997,-155.0578101,,,,,,,
0.883333,-6.127567396e-05,6.127567396e-05,0,0.07145799696,0,0,-0,0,270.05,0,0,5.170131204,35.16078145,19.72137997,-155.0578101,,,,,,,
0.883333,-6.127567396e-05,6.127567396e-05,0,0.07145799696,0,0,-0,0,270.05,0,0,5.170131204,35.16078145,19.72137997,-155.0578101,,,,,,,
0.883333,-6.127567396e-05,6.127567396e-05,0,0.07145799696,0,0,-0,0,270.05,0,0,5.170131204,35.16078145,19.72137997,-155.0578101,,,,,,,
0.883333,-6.127567396e-05,6.127567396e-05,0,0.07145799696,0,0,-0,0,270.05,0,0,5.170131204,35.16078145,19.72137997,-155.0578101,,,,,,,
0.883333,-6.127567396e-05,6.127567396e-05,0,0.07145799696,0,0,-0,0,270.05,0,0,5.170131204,35.16078145,19.72137997,-155.0578101,,,,,,,
0.883333,-6.127567396e-05,6.127567396e-05,0,0.07145799696,0,0,-0,0,270.05,0,0,5.170131204,35.16078145,19.72137997,-155.0578101,,,,,,,
0.883333,-6.127567396e-05,6.127567396e-05,0,0.07145799696,0,0,-0,0,270.05,0,0,5.170131204,35.16078145,19.72137997,-155.0578101,,,,,,,
0.883333,-6.127567396e-05,6.127567396e-05,0,0.07145799696,0,0,-0,0,270.05,0,0,5.170131204,35.16078145,19.72137997,-155.0578101,,,,,,,
0.883333,-6.127567396e-05,6.127567396e-05,0,0.07145799696,0,0,-0,0,270.05,0,0,5.170131204,35.16078145,19.72137997,-155.0578101,,,,,,,
0.883333,-6.127567396e-05,6.127567396e-05,0,0.07145799696,0,0,-0,0,270.05,0,0,5.170131204,35.16078145,19.72137997,-155.0578101,,,,,,,
0.883333,-6.127567396e-05,6.127567396e-05,0,0.07145799696,0,0,-0,0,270.05,0,0,5.170131204,35.16078145,19.72137997,-155.0578101,,,,,,,
0.883333,-6.127567396e-05,6.127567396e-05,0,0.07145799696,0,0,-0,0,270.05,0,0,5.170131204,35.16078145,19.72137997,-155.0578101,,,,,,,
0.883333,-6.127567396e-05,6.127567396e-05,0,0.07145799696,0,0,-0,0,270.05,0,0,5.170131204,35.16078145,19.72137997,-155.0578101,,,,,,,
0.883333,-6.127567396e-05,6.127567396e-05,0,0.07145799696,0,0,-0,0,270.05,0,0,5.170131204,35.16078145,19.72137997,-155.0578101,,,,,,,
0.883333,-6.127567396e-05,6.127567396e-05,0,0.07145799696,0,0,-0,0,270.05,0,0,5.170131204,35.16078145,19.72137997,-155.0578101,,,,,,,
0.883333,-6.127567396e-05,6.127567396e-05,0,0.07145799696,0,0,-0,0,270.05,0,0,5.170131204,35.16078145,19.72137997,-155.0578101,,,,,,,
0.883333,-6.127567396e-05,6.127567396e-05,0,0.07145799696,0,0,-0,0,270.05,0,0,5.170131204,35.16078145,19.72137997,-155.0578101,,,,,,,
0.883333,-6.127567396e-05,6.127567396e-05,0,0.07145799696,0,0,-0,0,270.05,0,0,5.170131204,35.16078145,19.72137997,-155.0578101,,,,,,,
0.883333,-6.127567396e-05,6.127567396e-05,0,0.07145799696,0,0,-0,0,270.05,0,0,5.170131204,35.16078145,19.72137997,-155.0578101,,,,,,,
0.883333,-6.127567396e-05,6.127567396e-05,0,0.07145799696,0,0,-0,0,270.05,0,0,5.170131204,35.16078145,19.72137997,-155.0578101,,,,,,,
0.883333,-6.127567396e-05,6.127567396e-05,0,0.07145799696,0,0,-0,0,270.05,0,0,5.170131204,35.16078145,19.72137997,-155.0578101,,,,,,,
0.883333,-6.127567396e-05,6.127567396e-05,0,0.07145799696,0,0,-0,0,270.05,0,0,5.170131204,35.16078145,19.72137997,-155.0578101,,,,,,,
1.20833,-6.127567396e-05,6.127567396e-05,0,0.07145799696,35.95956597,0,1264.811999,350.4941235,270.247902,3.024321256,0.0004601210641,5.169925873,35.16060225,19.72137998,-155.0578101,,,,,,,
1.20833,-6.127567396e-05,6.127567396e-05,0,0.07145799696,35.95956597,0,1264.811999,350.4941235,270.247902,3.024321256,0.0004601210641,5.169925873,35.16060225,19.72137998,-155.0578101,,,,,,,
1.20833,-6.127567396e-05,6.127567396e-05,0,0.07145799696,35.95956597,0,1264.811999,350.4941235,270.247902,3.024321256,0.0004601210641,5.169925873,35.16060225,19.72137998,-155.0578101,,,,,,,
1.20833,-6.127567396e-05,6.127567396e-05,0,0.07145799696,35.95956597,0,1264.811999,350.4941235,270.247902,3.024321256,0.0004601210641,5.169925873,35.16060225,19.72137998,-155.0578101,,,,,,,
1.20833,-6.127567396e-05,6.127567396e-05,0,0.07145799696,35.95956597,0,1264.811999,350.4941235,270.247902,3.024321256,0.0004601210641,5.169925873,35.16060225,19.72137998,-155.0578101,,,,,,,
1.20833,-6.127567396e-05,6.127567396e-05,0,0.07145799696,35.95956597,0,1264.811999,350.4941235,270.247902,3.024321256,0.0004601210641,5.169925873,35.16060225,19.72137998,-155.0578101,,,,,,,
1.20833,-6.127567396e-05,6.127567396e-05,0,0.07145799696,35.95956597,0,1264.811999,350.4941235,270.247902,3.024321256,0.0004601210641,5.169925873,35.16060225,19.72137998,-155.0578101,,,,,,,
1.20833,-6.127567396e-05,6.127567396e-05,0,0.07145799696,35.95956597,0,1264.811999,350.4941235,270.247902,3.024321256,0.0004601210641,5.169925873,35.16060225,19.72137998,-155.0578101,,,,,,,
1.20833,-6.127567396e-05,6.127567396e-05,0,0.07145799696,35.95956597,0,1264.811999,350.4941235,270.247902,3.024321256,0.0004601210641,5.169925873,35.16060225,19.72137998,-155.0578101,,,,,,,
1.20833,-6.127567396e-05,6.127567396e-05,0,0.07145799696,35.95956597,0,1264.811999,350.4941235,270.247902,3.024321256,0.0004601210641,5.169925873,35.16060225,19.72137998,-155.0578101,,,,,,,
1.20833,-6.127567396e-05,6.127567396e-05,0,0.07145799696,35.95956597,0,1264.811999,350.4941235,270.247902,3.024321256,0.0004601210641,5.169925873,35.16060225,19.72137998,-155.0578101,,,,,,,
1.20833,-6.127567396e-05,6.127567396e-05,0,0.07145799696,35.95956597,0,1264.811999,350.4941235,270.247902,3.024321256,0.0004601210641,5.169925873,35.16060225,19.72137998,-155.0578101,,,,,,,
1.20833,-6.127567396e-05,6.127567396e-05,0,0.07145799696,35.95956597,0,1264.811999,350.4941235,270.247902,3.024321256,0.0004601210641,5.169925873,35.16060225,19.72137998,-155.0578101,,,,,,,
1.20833,-6.127567396e-05,6.127567396e-05,0,0.07145799696,35.95956597,0,1264.811999,350.4941235,270.247902,3.024321256,0.0004601210641,5.169925873,35.16060225,19.72137998,-155.0578101,,,,,,,
1.20833,-6.127567396e-05,6.127567396e-05,0,0.07145799696,35.95956597,0,1264.811999,350.4941235,270.247902,3.024321256,0.0004601210641,5.169925873,35.16060225,19.72137998,-155.0578101,,,,,,,
1.20833,-6.127567396e-05,6.127567396e-05,0,0.07145799696,35.95956597,0,1264.811999,350.4941235,270.247902,3.024321256,0.0004601210641,5.169925873,35.16060225,19.72137998,-155.0578101,,,,,,,
1.475,-6.127567396e-05,6.127567396e-05,0,0.07145799696,28.0795141,2.860182661,143.0936469,350.4941235,272.044441,2.92978301,0.0002936728815,5.169934875,35.1606113,19.72137998,-155.0578101,,,,,,,
1.475,-6.127567396e-05,6.127567396e-05,0,0.07145799696,28.0795141,2.860182661,143.0936469,350.4941235,272.044441,2.92978301,0.0002936728815,5.169934875,35.1606113,19.72137998,-155.0578101,,,,,,,
1.475,-6.127567396e-05,6.127567396e-05,0,0.07145799696,28.0795141,2.860182661,143.0936469,350.4941235,272.044441,2.92978301,0.0002936728815,5.169934875,35.1606113,19.72137998,-155.0578101,,,,,,,
1.475,-6.127567396e-05,6.127567396e-05,0,0.07145799696,28.0795141,2.860182661,143.0936469,350.4941235,272.044441,2.92978301,0.0002936728815,5.169934875,35.1606113,19.72137998,-155.0578101,,,,,,,
1.475,-6.127567396e-05,6.127567396e-05,0,0.07145799696,28.0795141,2.860182661,143.0936469,350.4941235,272.044441,2.92978301,0.0002936728815,5.169934875,35.1606113,19.72137998,-155.0578101,,,,,,,
1.475,-6.127567396e-05,6.127567396e-05,0,0.07145799696,28.0795141,2.860182661,143.0936469,350.4941235,272.044441,2.92978301,0.0002936728815,5.169934875,35.1606113,19.72137998,-155.0578101,,,,,,,
1.475,-6.127567396e-05,6.127567396e-05,0,0.07145799696,28.0795141,2.860182661,143.0936469,350.4941235,272.044441,2.92978301,0.0002936728815,5.169934875,35.1606113,19.72137998,-155.0578101,,,,,,,
1.475,-6.127567396e-05,6.127567396e-05,0,0.07145799696,28.0795141,2.860182661,143.0936469,350.4941235,272.044441,2.92978301,0.0002936728815,5.169934875,35.1606113,19.72137998,-155.0578101,,,,,,,
1.475,-6.127567396e-05,6.127567396e-05,0,0.07145799696,28.0795141,2.860182661,143.0936469,350.4941235,272.044441,2.92978301,0.0002936728815,5.169934875,35.1606113,19.72137998,-155.0578101,,,,,,,
1.475,-6.127567396e-05,6.127567396e-05,0,0.07145799696,28.0795141,2.860182661,143.0936469,350.4941235,272.044441,2.92978301,0.0002936728815,5.169934875,35.1606113,19.72137998,-155.0578101,,,,,,,
1.475,-6.127567396e-05,6.127567396e-05,0,0.07145799696,28.0795141,2.860182661,143.0936469,350.4941235,272.044441,2.92978301,0.0002936728815,5.169934875,35.1606113,19.72137998,-155.0578101,,,,,,,
1.475,-6.127567396e-05,6.127567396e-05,0,0.07145799696,28.0795141,2.860182661,143.0936469,350.4941235,272.044441,2.92978301,0.0002936728815,5.169934875,35.1606113,19.72137998,-155.0578101,,,,,,,
1.475,-6.127567396e-05,6.127567396e-05,0,0.07145799696,28.0795141,2.860182661,143.0936469,350.4941235,272.044441,2.92978301,0.0002936728815,5.169934875,35.1606113,19.72137998,-155.0578101,,,,,,,
1.54167,-6.127567396e-05,6.127567396e-05,0,0.07145799696,21.03658363,3.584917797,-739.1597391,350.4941235,278.4448485,2.854748822,1.941554479e-05,5.169941707,35.16061901,19.72137998,-155.0578101,,,,,,,
1.54167,-6.127567396e-05,6.127567396e-05,0,0.07145799696,21.03658363,3.584917797,-739.1597391,350.4941235,278.4448485,2.854748822,1.941554479e-05,5.169941707,35.16061901,19.72137998,-155.0578101,,,,,,,
1.54167,-6.127567396e-05,6.127567396e-05,0,0.07145799696,21.03658363,3.584917797,-739.1597391,350.4941235,278.4448485,2.854748822,1.941554479e-05,5.169941707,35.16061901,19.72137998,-155.0578101,,,,,,,
1.54167,-6.127567396e-05,6.127567396e-05,0,0.07145799696,21.03658363,3.584917797,-739.1597391,350.4941235,278.4448485,2.854748822,1.941554479e-05,5.169941707,35.16061901,19.72137998,-155.0578101,,,,,,,
1.575,-6.127567396e-05,6.127567396e-05,0,0.07145799696,19.95156351,5.441974755,-768.2868021,350.4941235,281.5208169,2.836363276,3.952585363e-05,5.169942502,35.16062004,19.72137998,-155.0578101,,,,,,,
1.6,-6.127567396e-05,6.127567396e-05,0,0.07145799696,19.39461079,5.916246721,-784.0993296,350.4941235,283.3741107,2.827228248,5.021965711e-05,5.169944402,35.16062051,19.72137998,-155.0578101,,,,,,,
1.625,-6.127567396e-05,6.127567396e-05,0,0.07145799696,18.95843112,6.216608393,-798.399722,350.4941235,284.9178629,2.82040248,5.678478066e-05,5.169944598,35.16062084,19.72137998,-155.0578101,,,,,,,
1.625,-6.127567396e-05,6.127567396e-05,0,0.07145799696,18.95843112,6.216608393,-798.399722,350.4941235,284.9178629,2.82040248,5.678478066e-05,5.169944598,35.16062084,19.72137998,-155.0578101,,,,,,,
1.65,-6.127567396e-05,6.127567396e-05,0,0.07145799696,18.49799634,6.503094333,-815.5669275,350.4941235,286.6026203,2.813598812,6.197907216e-05,5.169944791,35.16062116,19.72137998,-155.0578101,,,,,,,
1.66667,-6.127567396e-05,6.127567396e-05,0,0.07145799696,18.00999291,6.733932665,-834.5322845,350.4941235,288.4366344,2.806817369,6.579302292e-05,5.169944974,35.16062148,19.72137998,-155.0578101,,,,,,,
1.69167,-6.127567396e-05,6.127567396e-05,0,0.07145799696,17.67247646,6.806815348,-846.4781212,350.4941235,289.7462547,2.802308814,6.769062106e-05,5.169944284,35.16062168,19.72137998,-155.0578101,,,,,,,
1.71667,-6.127567396e-05,6.127567396e-05,0,0.07145799696,17.14083889,7.007236711,-867.1878453,350.4941235,291.8469936,2.795564739,6.905466609e-05,5.169944436,35.16062199,19.72137998,-155.0578101,,,,,,,
1.74167,-6.127567396e-05,6.127567396e-05,0,0.07145799696,16.58227561,7.130879815,-887.9955208,350.4941235,294.1181103,2.788843333,6.983141001e-05,5.169944572,35.16062229,19.72137998,-155.0578101,,,,,,,
1.74167,-6.127567396e-05,6.127567396e-05,0,0.07145799696,16.58227561,7.130879815,-887.9955208,350.4941235,294.1181103,2.788843333,6.983141001e-05,5.169944572,35.16062229,19.72137998,-155.0578101,,,,,,,
1.76667,-6.127567396e-05,6.127567396e-05,0,0.07145799696,15.99973863,7.216729647,-908.6229736,350.4941235,296.5668542,2.782144696,6.969602949e-05,5.169943904,35.16062257,19.72137998,-155.0578101,,,,,,,
1.8,-6.127567396e-05,6.127567396e-05,0,0.07145799696,15.39624474,7.279829827,-928.884776,350.4941235,299.1998914,2.775469016,6.889314732e-05,5.169944023,35.16062287,19.72137998,-155.0578101,,,,,,,
1.825,-6.127567396e-05,6.127567396e-05,0,0.07145799696,14.55437928,7.376121901,-957.1618982,350.4941235,303.0073965,2.766604157,6.652382274e-05,5.169944176,35.16062327,19.72137998,-155.0578101,,,,,,,
1.825,-6.127567396e-05,6.127567396e-05,0,0.07145799696,14.55437928,7.376121901,-957.1618982,350.4941235,303.0073965,2.766604157,6.652382274e-05,5.169944176,35.16062327,19.72137998,-155.0578101,,,,,,,
1.85,-6.127567396e-05,6.127567396e-05,0,0.07145799696,13.90903242,7.356388086,-975.6246008,350.4941235,306.0918807,2.759982738,6.384384279e-05,5.169944307,35.16062359,19.72137998,-155.0578101,,,,,,,
1.875,-6.127567396e-05,6.127567396e-05,0,0.07145799696,13.2536889,7.372970474,-993.6237955,350.4941235,309.3765266,2.753384867,6.100501208e-05,5.169944425,35.1606239,19.72137998,-155.0578101,,,,,,,
1.9,-6.127567396e-05,6.127567396e-05,0,0.07145799696,12.58952376,7.394780612,-1011.112383,350.4941235,312.8634769,2.746810846,5.772137003e-05,5.169944555,35.16062423,19.72137998,-155.0578101,,,,,,,
1.925,-6.127567396e-05,6.127567396e-05,0,0.07145799696,11.91769974,7.414127106,-1028.065893,350.4941235,316.5533135,2.740260521,5.424627247e-05,5.169946257,35.16062456,19.72137998,-155.0578101,,,,,,,
1.925,-6.127567396e-05,6.127567396e-05,0,0.07145799696,11.91769974,7.414127106,-1028.065893,350.4941235,316.5533135,2.740260521,5.424627247e-05,5.169946257,35.16062456,19.72137998,-155.0578101,,,,,,,
1.95,-6.127567396e-05,6.127567396e-05,0,0.07145799696,11.23931092,7.429731779,-1044.475629,350.4941235,320.4448543,2.733734374,5.065945504e-05,5.1699464,35.16062491,19.72137998,-155.0578101,,,,,,,
1.975,-6.127567396e-05,6.127567396e-05,0,0.07145799696,10.55535287,7.441934866,-1060.343727,350.4941235,324.5349524,2.727232405,4.704442215e-05,5.169946551,35.16062526,19.72137998,-155.0578101,,,,,,,
2,-6.127567396e-05,6.127567396e-05,0,0.07145799696,9.866710221,7.451374263,-1075.679609,350.4941235,328.8183041,2.7207549,4.334231115e-05,5.16994671,35.16062562,19.72137998,-155.0578101,,,,,,,
2.025,-6.127567396e-05,6.127567396e-05,0,0.07145799696,9.174155032,7.458646788,-1090.497447,350.4941235,333.2872718,2.714302088,3.955646952e-05,5.169946892,35.16062599,19.72137998,-155.0578101,,,,,,,
2.025,-6.127567396e-05,6.127567396e-05,0,0.07145799696,9.174155032,7.458646788,-1090.497447,350.4941235,333.2872718,2.714302088,3.955646952e-05,5.169946892,35.16062599,19.72137998,-155.0578101,,,,,,,
2.05,-6.127567396e-05,6.127567396e-05,0,0.07145799696,8.478351861,7.464241083,-1104.814368,350.4941235,337.9317301,2.707873939,3.576778239e-05,5.169947088,35.1606264,19.72137998,-155.0578101,,,,,,,
2.08333,-6.127567396e-05,6.127567396e-05,0,0.07145799696,7.779866394,7.468541046,-1118.649176,350.4941235,342.738942,2.701470758,3.22055762e-05,5.1699473,35.16062681,19.72137998,-155.0578101,,,,,,,
2.08333,-6.127567396e-05,6.127567396e-05,0,0.07145799696,7.779866394,7.468541046,-1118.649176,350.4941235,342.738942,2.701470758,3.22055762e-05,5.1699473,35.16062681,19.72137998,-155.0578101,,,,,,,
2.10833,-6.127567396e-05,6.127567396e-05,0,0.07145799696,6.835611764,7.507696056,-1138.094181,350.4941235,349.3746629,2.692972419,2.769215527e-05,5.16994682,35.16062738,19.72137998,-155.0578101,,,,,,,
2.13333,-6.127567396e-05,6.127567396e-05,0,0.07145799696,6.128770856,7.45798873,-1150.425933,350.4941235,354.4968984,2.686628199,2.443740798e-05,5.169946281,35.16062783,19.72137998,-155.0578101,,,,,,,
2.15833,-6.127567396e-05,6.127567396e-05,0,0.07145799696,5.42281496,7.451105562,-1162.451361,350.4941235,359.7198699,2.680309627,2.151676738e-05,5.169946542,35.16062829,19.72137998,-155.0578101,,,,,,,
2.175,-6.127567396e-05,6.127567396e-05,0,0.07145799696,4.71716462,7.454788373,-1174.16252,350.4941235,5.019239375,2.674016704,1.859526487e-05,5.169946837,35.16062878,19.72137998,-155.0578101,,,,,,,
2.2,-6.127567396e-05,6.127567396e-05,0,0.07145799696,4.250182734,7.411292036,-1180.855732,350.4941235,8.581487098,2.669835849,1.691297496e-05,5.169947031,35.1606291,19.72137998,-155.0578101,,,,,,,
2.225,-6.127567396e-05,6.127567396e-05,0,0.07145799696,3.546897938,7.465211096,-1192.284429,350.4941235,13.94772727,2.663586272,1.44774191e-05,5.169947359,35.16062963,19.72137998,-155.0578101,,,,,,,
2.225,-6.127567396e-05,6.127567396e-05,0,0.07145799696,3.546897938,7.465211096,-1192.284429,350.4941235,13.94772727,2.663586272,1.44774191e-05,5.169947359,35.16062963,19.72137998,-155.0578101,,,,,,,
2.25,-6.127567396e-05,6.127567396e-05,0,0.07145799696,2.841896785,7.47997348,-1203.342629,350.4941235,19.31454112,2.657363083,1.224775547e-05,5.169949272,35.16063016,19.72137998,-155.0578101,,,,,,,
2.275,-6.127567396e-05,6.127567396e-05,0,0.07145799696,2.135607328,7.483668456,-1214.050624,350.4941235,24.65036122,2.65116628,1.029973863e-05,5.169949633,35.16063071,19.72137998,-155.0578101,,,,,,,
2.3,-6.127567396e-05,6.127567396e-05,0,0.07145799696,1.428351503,7.484308902,-1224.426769,350.4941235,29.92261906,2.644996168,8.550606902e-06,5.169949227,35.16063128,19.72137998,-155.0578101,,,,,,,
2.33333,-6.127567396e-05,6.127567396e-05,0,0.07145799696,0.7253220165,7.484163721,-1234.487767,350.4941235,35.0983101,2.638852843,7.386065338e-06,5.16994881,35.16063182,19.72137998,-155.0578101,,,,,,,
2.33333,-6.127567396e-05,6.127567396e-05,0,0.07145799696,0.7253220165,7.484163721,-1234.487767,350.4941235,35.0983101,2.638852843,7.386065338e-06,5.16994881,35.16063182,19.72137998,-155.0578101,,,,,,,
2.35833,-6.127567396e-05,6.127567396e-05,0,0.07145799696,-0.2121436397,7.518637559,-1249.004227,350.4941235,41.792419,2.63070388,6.038410054e-06,5.16995086,35.16063256,19.72137998,-155.0578101,,,,,,,
2.38333,-6.127567396e-05,6.127567396e-05,0,0.07145799696,-0.9069471038,7.466394278,-1257.980059,350.4941235,46.61680238,2.624623946,5.181866983e-06,5.16995123,35.1606331,19.72137998,-155.0578101,,,,,,,
2.38333,-6.127567396e-05,6.127567396e-05,0,0.07145799696,-0.9069471038,7.466394278,-1257.980059,350.4941235,46.61680238,2.624623946,5.181866983e-06,5.16995123,35.1606331,19.72137998,-155.0578101,,,,,,,
2.40833,-6.127567396e-05,6.127567396e-05,0,0.07145799696,-1.596331222,7.457504171,-1266.784432,350.4941235,51.23987511,2.618571495,4.384172865e-06,5.169951613,35.16063366,19.72137998,-155.0578101,,,,,,,
2.43333,-6.127567396e-05,6.127567396e-05,0,0.07145799696,-2.28183791,7.459626768,-1275.405967,350.4941235,55.63450418,2.612546758,3.938515109e-06,5.169952004,35.16063423,19.72137998,-155.0578101,,,,,,,
2.45833,-6.127567396e-05,6.127567396e-05,0,0.07145799696,-2.964586663,7.463821743,-1283.837972,350.4941235,59.7767707,2.606549912,3.469610306e-06,5.169951618,35.16063481,19.72137998,-155.0578101,,,,,,,
2.48333,-6.127567396e-05,6.127567396e-05,0,0.07145799696,-3.645387265,7.467777443,-1292.077217,350.4941235,63.64658879,2.600581143,3.029490539e-06,5.169952797,35.16063537,19.72137998,-155.0578101,,,,,,,
2.48333,-6.127567396e-05,6.127567396e-05,0,0.07145799696,-3.645387265,7.467777443,-1292.077217,350.4941235,63.64658879,2.600581143,3.029490539e-06,5.169952797,35.16063537,19.72137998,-155.0578101,,,,,,,
2.50833,-6.127567396e-05,6.127567396e-05,0,0.07145799696,-4.32482301,7.471023527,-1300.123004,350.4941235,67.22823237,2.594640817,2.582669468e-06,5.169953191,35.16063594,19.72137998,-155.0578101,,,,,,,
2.53333,-6.127567396e-05,6.127567396e-05,0,0.07145799696,-5.003312027,7.473572793,-1307.976476,350.4941235,70.51074104,2.588728875,2.137386616e-06,5.169953595,35.16063651,19.72137998,-155.0578101,,,,,,,
2.55833,-6.127567396e-05,6.127567396e-05,0,0.07145799696,-5.681152387,7.475542402,-1315.64009,350.4941235,73.48817969,2.582845811,1.843679339e-06,5.169953998,35.16063709,19.72137998,-155.0578101,,,,,,,
2.58333,-6.127567396e-05,6.127567396e-05,0,0.07145799696,-6.358555195,7.47705325,-1323.117226,350.4941235,76.15973226,2.576991474,1.379713145e-06,5.169954402,35.16063767,19.72137998,-155.0578101,,,,,,,
2.58333,-6.127567396e-05,6.127567396e-05,0,0.07145799696,-6.358555195,7.47705325,-1323.117226,350.4941235,76.15973226,2.576991474,1.379713145e-06,5.169954402,35.16063767,19.72137998,-155.0578101,,,,,,,
2.60833,-6.127567396e-05,6.127567396e-05,0,0.07145799696,-7.035668819,7.478207179,-1330.411893,350.4941235,78.52961814,2.571166443,1.167278244e-06,5.169954012,35.16063823,19.72137998,-155.0578101,,,,,,,
2.63333,-6.127567396e-05,6.127567396e-05,0,0.07145799696,-7.712596576,7.479085124,-1337.528507,350.4941235,80.60682876,2.565370492,1.042650776e-06,5.169953611,35.16063879,19.72137998,-155.0578101,,,,,,,
2.65833,-6.127567396e-05,6.127567396e-05,0,0.07145799696,-8.389409599,7.479750075,-1344.471734,350.4941235,82.40469242,2.559604221,1.26341944e-06,5.169957117,35.16063934,19.72137998,-155.0578101,,,,,,,
2.68333,-6.127567396e-05,6.127567396e-05,0,0.07145799696,-9.066156171,7.480250751,-1351.246368,350.4941235,83.94028616,2.553867524,1.499736038e-06,5.169957489,35.16063988,19.72137998,-155.0578101,,,,,,,
2.68333,-6.127567396e-05,6.127567396e-05,0,0.07145799696,-9.066156171,7.480250751,-1351.246368,350.4941235,83.94028616,2.553867524,1.499736038e-06,5.169957489,35.16063988,19.72137998,-155.0578101,,,,,,,
2.70833,-6.127567396e-05,6.127567396e-05,0,0.07145799696,-9.742868472,7.480624719,-1357.857241,350.4941235,85.23372336,2.548160644,1.66377402e-06,5.169957085,35.16064043,19.72137998,-155.0578101,,,,,,,
2.73333,-6.127567396e-05,6.127567396e-05,0,0.07145799696,-10.41956743,7.480900911,-1364.309165,350.4941235,86.30735427,2.542483975,2.098308822e-06,5.169956679,35.16064097,19.72137998,-155.0578101,,,,,,,
2.76667,-6.127567396e-05,6.127567396e-05,0,0.07145799696,-11.09626619,7.481101645,-1370.606883,350.4941235,87.18492239,2.536837507,2.570780852e-06,5.169957057,35.16064152,19.72137998,-155.0578101,,,,,,,
2.76667,-6.127567396e-05,6.127567396e-05,0,0.07145799696,-11.09626619,7.481101645,-1370.606883,350.4941235,87.18492239,2.536837507,2.570780852e-06,5.169957057,35.16064152,19.72137998,-155.0578101,,,,,,,
2.79167,-6.127567396e-05,6.127567396e-05,0,0.07145799696,-12.00767658,7.516168816,-1380.191944,350.4941235,88.09199732,2.529356399,3.070143719e-06,5.169957554,35.16064225,19.72137998,-155.0578101,,,,,,,
2.81667,-6.127567396e-05,6.127567396e-05,0,0.07145799696,-12.68804008,7.464275123,-1385.785115,350.4941235,88.60604188,2.52378145,3.478569618e-06,5.169957934,35.1606428,19.72137998,-155.0578101,,,,,,,
2.84167,-6.127567396e-05,6.127567396e-05,0,0.07145799696,-13.36626277,7.455670977,-1391.324434,350.4941235,89.00285464,2.51823732,3.494305074e-06,5.169958309,35.16064335,19.72137998,-155.0578101,,,,,,,
2.84167,-6.127567396e-05,6.127567396e-05,0,0.07145799696,-13.36626277,7.455670977,-1391.324434,350.4941235,89.00285464,2.51823732,3.494305074e-06,5.169958309,35.16064335,19.72137998,-155.0578101,,,,,,,
2.875,-6.127567396e-05,6.127567396e-05,0,0.07145799696,-14.04314275,7.458016264,-1396.79414,350.4941235,89.30337817,2.512724274,3.579631983e-06,5.169957902,35.16064391,19.72137998,-155.0578101,,,,,,,
2.95,-6.127567396e-05,6.127567396e-05,0,0.07145799696,-14.95360741,7.498788976,-1405.354927,350.4941235,89.58652689,2.505422444,3.839216399e-06,5.169958381,35.16064462,19.72137998,-155.0578101,,,,,,,
2.95,-6.127567396e-05,6.127567396e-05,0,0.07145799696,-14.95360741,7.498788976,-1405.354927,350.4941235,89.58652689,2.505422444,3.839216399e-06,5.169958381,35.16064462,19.72137998,-155.0578101,,,,,,,
2.95,-6.127567396e-05,6.127567396e-05,0,0.07145799696,-14.95360741,7.498788976,-1405.354927,350.4941235,89.58652689,2.505422444,3.839216399e-06,5.169958381,35.16064462,19.72137998,-155.0578101,,,,,,,
2.95,-6.127567396e-05,6.127567396e-05,0,0.07145799696,-14.95360741,7.498788976,-1405.354927,350.4941235,89.58652689,2.505422444,3.839216399e-06,5.169958381,35.16064462,19.72137998,-155.0578101,,,,,,,
2.99167,-6.127567396e-05,6.127567396e-05,0,0.07145799696,-17.15672509,7.261494955,-1433.638686,350.4941235,89.90443085,2.489199903,4.434724e-06,5.169958662,35.16064621,19.72137998,-155.0578101,,,,,,,
2.99167,-6.127567396e-05,6.127567396e-05,0,0.07145799696,-17.15672509,7.261494955,-1433.638686,350.4941235,89.90443085,2.489199903,4.434724e-06,5.169958662,35.16064621,19.72137998,-155.0578101,,,,,,,
3.01667,-6.127567396e-05,6.127567396e-05,0,0.07145799696,-18.32810082,7.17708442,-1439.408128,350.4941235,89.97395404,2.480312488,4.630790257e-06,5.169959991,35.16064705,19.72137998,-155.0578101,,,,,,,
3.05,-6.127567396e-05,6.127567396e-05,0,0.07145799696,-19.0038306,7.134885336,-1441.033049,350.4941235,89.99698098,2.475023296,4.627763241e-06,5.169959511,35.16064753,19.72137998,-155.0578101,,,,,,,
3.05,-6.127567396e-05,6.127567396e-05,0,0.07145799696,-19.0038306,7.134885336,-1441.033049,350.4941235,89.99698098,2.475023296,4.627763241e-06,5.169959511,35.16064753,19.72137998,-155.0578101,,,,,,,
3.08333,-6.127567396e-05,6.127567396e-05,0,0.07145799696,-19.89616649,7.240135518,-1445.533948,350.4941235,90.01478439,2.468022217,4.62419063e-06,5.169959908,35.16064818,19.72137998,-155.0578101,,,,,,,
3.08333,-6.127567396e-05,6.127567396e-05,0,0.07145799696,-19.89616649,7.240135518,-1445.533948,350.4941235,90.01478439,2.468022217,4.62419063e-06,5.169959908,35.16064818,19.72137998,-155.0578101,,,,,,,
3.11667,-6.127567396e-05,6.127567396e-05,0,0.07145799696,-20.78362606,7.293132904,-1450.359565,350.4941235,90.02380573,2.461080269,4.858159908e-06,5.16996188,35.16064882,19.72137998,-155.0578101,,,,,,,
3.15,-6.127567396e-05,6.127567396e-05,0,0.07145799696,-21.6699515,7.326394766,-1455.367186,350.4941235,90.02812233,2.454197824,5.104332628e-06,5.169959926,35.16064945,19.72137998,-155.0578101,,,,,,,
3.15,-6.127567396e-05,6.127567396e-05,0,0.07145799696,-21.6699515,7.326394766,-1455.367186,350.4941235,90.02812233,2.454197824,5.104332628e-06,5.169959926,35.16064945,19.72137998,-155.0578101,,,,,,,
3.18333,-6.127567396e-05,6.127567396e-05,0,0.07145799696,-22.55710645,7.34901905,-1460.457934,350.4941235,90.02996535,2.447375353,5.511148292e-06,5.169959564,35.16065012,19.72137998,-155.0578101,,,,,,,
3.18333,-6.127567396e-05,6.127567396e-05,0,0.07145799696,-22.55710645,7.34901905,-1460.457934,350.4941235,90.02996535,2.447375353,5.511148292e-06,5.169959564,35.16065012,19.72137998,-155.0578101,,,,,,,
3.20833,-6.127567396e-05,6.127567396e-05,0,0.09526207298,-23.44599827,7.364782592,-1465.563779,350.4941235,90.03078401,2.440613497,6.243460349e-06,5.169962332,35.1606508,19.72137998,-155.0578101,,,,,,,
3.24167,-6.127567396e-05,6.127567396e-05,0,0.07145799696,-24.10773699,7.336437799,-1468.326931,350.4941235,90.03107918,2.435581922,6.698786781e-06,5.169961862,35.16065131,19.72137998,-155.0578101,,,,,,,
3.24167,-6.127567396e-05,6.127567396e-05,0,0.07145799696,-24.10773699,7.336437799,-1468.326931,350.4941235,90.03107918,2.435581922,6.698786781e-06,5.169961862,35.16065131,19.72137998,-155.0578101,,,,,,,
4.24167,-6.127567396e-05,6.127567396e-05,0,0.07145799696,0,0,-0,0,0,347.1098206,357.1046648,1970.181398,2000.473611,19.72415188,-155.0518971,,,,,,,
4.24167,-6.127567396e-05,6.127567396e-05,0,0.07145799696,0,0,-0,0,0,347.1098206,357.1046648,1970.181398,2000.473611,19.72415188,-155.0518971,,,,,,,
4.24167,-6.127567396e-05,6.127567396e-05,0,0.07145799696,0,0,-0,0,0,347.1098206,357.1046648,1970.181398,2000.473611,19.72415188,-155.0518971,,,,,,,
4.24167,-6.127567396e-05,6.127567396e-05,0,0.07145799696,0,0,-0,0,0,347.1098206,357.1046648,1970.181398,2000.473611,19.72415188,-155.0518971,,,,,,,
4.24167,-6.127567396e-05,6.127567396e-05,0,0.07145799696,0,0,-0,0,0,347.1098206,357.1046648,1970.181398,2000.473611,19.72415188,-155.0518971,,,,,,,
4.24167,-6.127567396e-05,6.127567396e-05,0,0.07145799696,0,0,-0,0,0,347.1098206,357.1046648,1970.181398,2000.473611,19.72415188,-155.0518971,,,,,,,
4.24167,-6.127567396e-05,6.127567396e-05,0,0.07145799696,0,0,-0,0,0,347.1098206,357.1046648,1970.181398,2000.473611,19.72415188,-155.0518971,,,,,,,
4.24167,-6.127567396e-05,6.127567396e-05,0,0.07145799696,0,0,-0,0,0,347.1098206,357.1046648,1970.181398,2000.473611,19.72415188,-155.0518971,,,,,,,
4.24167,-6.127567396e-05,6.127567396e-05,0,0.07145799696,0,0,-0,0,0,347.1098206,357.1046648,1970.181398,2000.473611,19.72415188,-155.0518971,,,,,,,
4.24167,-6.127567396e-05,6.127567396e-05,0,0.07145799696,0,0,-0,0,0,347.1098206,357.1046648,1970.181398,2000.473611,19.72415188,-155.0518971,,,,,,,
4.24167,-6.127567396e-05,6.127567396e-05,0,0.07145799696,0,0,-0,0,0,347.1098206,357.1046648,1970.181398,2000.473611,19.72415188,-155.0518971,,,,,,,
4.24167,-6.127567396e-05,6.127567396e-05,0,0.07145799696,0,0,-0,0,0,347.1098206,357.1046648,1970.181398,2000.473611,19.72415188,-155.0518971,,,,,,,
4.24167,-6.127567396e-05,6.127567396e-05,0,0.07145799696,0,0,-0,0,0,347.1098206,357.1046648,1970.181398,2000.473611,19.72415188,-155.0518971,,,,,,,
4.24167,-6.127567396e-05,6.127567396e-05,0,0.07145799696,0,0,-0,0,0,347.1098206,357.1046648,1970.181398,2000.473611,19.72415188,-155.0518971,,,,,,,
4.24167,-6.127567396e-05,6.127567396e-05,0,0.07145799696,0,0,-0,0,0,347.1098206,357.1046648,1970.181398,2000.473611,19.72415188,-155.0518971,,,,,,,
4.24167,-6.127567396e-05,6.127567396e-05,0,0.07145799696,0,0,-0,0,0,347.1098206,357.1046648,1970.181398,2000.473611,19.72415188,-155.0518971,,,,,,,
4.24167,-6.127567396e-05,6.127567396e-05,0,0.07145799696,0,0,-0,0,0,347.1098206,357.1046648,1970.181398,2000.473611,19.72415188,-155.0518971,,,,,,,
4.24167,-6.127567396e-05,6.127567396e-05,0,0.07145799696,0,0,-0,0,0,347.1098206,357.1046648,1970.181398,2000.473611,19.72415188,-155.0518971,,,,,,,
4.24167,-6.127567396e-05,6.127567396e-05,0,0.07145799696,0,0,-0,0,0,347.1098206,357.1046648,1970.181398,2000.473611,19.72415188,-155.0518971,,,,,,,
4.24167,-6.127567396e-05,6.127567396e-05,0,0.07145799696,0,0,-0,0,0,347.1098206,357.1046648,1970.181398,2000.473611,19.72415188,-155.0518971,,,,,,,
4.24167,-6.127567396e-05,6.127567396e-05,0,0.07145799696,0,0,-0,0,0,347.1098206,357.1046648,1970.181398,2000.473611,19.72415188,-155.0518971,,,,,,,
4.24167,-6.127567396e-05,6.127567396e-05,0,0.07145799696,0,0,-0,0,0,347.1098206,357.1046648,1970.181398,2000.473611,19.72415188,-155.0518971,,,,,,,
4.24167,-6.127567396e-05,6.127567396e-05,0,0.07145799696,0,0,-0,0,0,347.1098206,357.1046648,1970.181398,2000.473611,19.72415188,-155.0518971,,,,,,,
4.24167,-6.127567396e-05,6.127567396e-05,0,0.07145799696,0,0,-0,0,0,347.1098206,357.1046648,1970.181398,2000.473611,19.72415188,-155.0518971,,,,,,,
4.24167,-6.127567396e-05,6.127567396e-05,0,0.07145799696,0,0,-0,0,0,347.1098206,357.1046648,1970.181398,2000.473611,19.72415188,-155.0518971,,,,,,,
4.24167,-6.127567396e-05,6.127567396e-05,0,0.07145799696,0,0,-0,0,0,347.1098206,357.1046648,1970.181398,2000.473611,19.72415188,-155.0518971,,,,,,,
4.24167,-6.127567396e-05,6.127567396e-05,0,0.07145799696,0,0,-0,0,0,347.1098206,357.1046648,1970.181398,2000.473611,19.72415188,-155.0518971,,,,,,,
4.24167,-6.127567396e-05,6.127567396e-05,0,0.07145799696,0,0,-0,0,0,347.1098206,357.1046648,1970.181398,2000.473611,19.72415188,-155.0518971,,,,,,,
4.24167,-6.127567396e-05,6.127567396e-05,0,0.07145799696,0,0,-0,0,0,347.1098206,357.1046648,1970.181398,2000.473611,19.72415188,-155.0518971,,,,,,,
4.24167,-6.127567396e-05,6.127567396e-05,0,0.07145799696,0,0,-0,0,0,347.1098206,357.1046648,1970.181398,2000.473611,19.72415188,-155.0518971,,,,,,,
4.24167,-6.127567396e-05,6.127567396e-05,0,0.07145799696,0,0,-0,0,0,347.1098206,357.1046648,1970.181398,2000.473611,19.72415188,-155.0518971,,,,,,,
4.24167,-6.127567396e-05,6.127567396e-05,0,0.07145799696,0,0,-0,0,0,347.1098206,357.1046648,1970.181398,2000.473611,19.72415188,-155.0518971,,,,,,,
4.24167,-6.127567396e-05,6.127567396e-05,0,0.07145799696,0,0,-0,0,0,347.1098206,357.1046648,1970.181398,2000.473611,19.72415188,-155.0518971,,,,,,,
4.24167,-6.127567396e-05,6.127567396e-05,0,0.07145799696,0,0,-0,0,0,347.1098206,357.1046648,1970.181398,2000.473611,19.72415188,-155.0518971,,,,,,,
4.24167,-6.127567396e-05,6.127567396e-05,0,0.07145799696,0,0,-0,0,0,347.1098206,357.1046648,1970.181398,2000.473611,19.72415188,-155.0518971,,,,,,,
4.24167,-6.127567396e-05,6.127567396e-05,0,0.07145799696,0,0,-0,0,0,347.1098206,357.1046648,1970.181398,2000.473611,19.72415188,-155.0518971,,,,,,,
4.24167,-6.127567396e-05,6.127567396e-05,0,0.07145799696,0,0,-0,0,0,347.1098206,357.1046648,1970.181398,2000.473611,19.72415188,-155.0518971,,,,,,,
4.24167,-6.127567396e-05,6.127567396e-05,0,0.07145799696,0,0,-0,0,0,347.1098206,357.1046648,1970.181398,2000.473611,19.72415188,-155.0518971,,,,,,,
4.24167,-6.127567396e-05,6.127567396e-05,0,0.07145799696,0,0,-0,0,0,347.1098206,357.1046648,1970.181398,2000.473611,19.72415188,-155.0518971,,,,,,,
4.24167,-6.127567396e-05,6.127567396e-05,0,0.07145799696,0,0,-0,0,0,347.1098206,357.1046648,1970.181398,2000.473611,19.72415188,-155.0518971,,,,,,,
4.24167,-6.127567396e-05,6.127567396e-05,0,0.07145799696,0,0,-0,0,0,347.1098206,357.1046648,1970.181398,2000.473611,19.72415188,-155.0518971,,,,,,,
4.24167,-6.127567396e-05,6.127567396e-05,0,0.07145799696,0,0,-0,0,0,347.1098206,357.1046648,1970.181398,2000.473611,19.72415188,-155.0518971,,,,,,,
4.24167,-6.127567396e-05,6.127567396e-05,0,0.07145799696,0,0,-0,0,0,347.1098206,357.1046648,1970.181398,2000.473611,19.72415188,-155.0518971,,,,,,,
4.24167,-6.127567396e-05,6.127567396e-05,0,0.07145799696,0,0,-0,0,0,347.1098206,357.1046648,1970.181398,2000.473611,19.72415188,-155.0518971,,,,,,,
4.24167,-6.127567396e-05,6.127567396e-05,0,0.07145799696,0,0,-0,0,0,347.1098206,357.1046648,1970.181398,2000.473611,19.72415188,-155.0518971,,,,,,,
4.24167,-6.127567396e-05,6.127567396e-05,0,0.07145799696,0,0,-0,0,0,347.1098206,357.1046648,1970.181398,2000.473611,19.72415188,-155.0518971,,,,,,,
4.24167,-6.127567396e-05,6.127567396e-05,0,0.07145799696,0,0,-0,0,0,347.1098206,357.1046648,1970.181398,2000.473611,19.72415188,-155.0518971,,,,,,,
4.24167,-6.127567396e-05,6.127567396e-05,0,0.07145799696,0,0,-0,0,0,347.1098206,357.1046648,1970.181398,2000.473611,19.72415188,-155.0518971,,,,,,,
4.24167,-6.127567396e-05,6.127567396e-05,0,0.07145799696,0,0,-0,0,0,347.1098206,357.1046648,1970.181398,2000.473611,19.72415188,-155.0518971,,,,,,,
4.24167,-6.127567396e-05,6.127567396e-05,0,0.07145799696,0,0,-0,0,0,347.1098206,357.1046648,1970.181398,2000.473611,19.72415188,-155.0518971,,,,,,,
4.39167,-6.127567396e-05,6.127567396e-05,0,0.07145799696,1807.792311,272.3769911,14296.92533,350.5362033,359.9979702,314.0550657,313.9279229,1916.075045,1948.441609,19.72574693,-155.0518964,,,,,,,
4.39167,-6.127567396e-05,6.127567396e-05,0,0.07145799696,1807.792311,272.3769911,14296.92533,350.5362033,359.9979702,314.0550657,313.9279229,1916.075045,1948.441609,19.72574693,-155.0518964,,,,,,,
4.39167,-6.127567396e-05,6.127567396e-05,0,0.07145799696,1807.792311,272.3769911,14296.92533,350.5362033,359.9979702,314.0550657,313.9279229,1916.075045,1948.441609,19.72574693,-155.0518964,,,,,,,
4.39167,-6.127567396e-05,6.127567396e-05,0,0.07145799696,1807.792311,272.3769911,14296.92533,350.5362033,359.9979702,314.0550657,313.9279229,1916.075045,1948.441609,19.72574693,-155.0518964,,,,,,,
4.39167,-6.127567396e-05,6.127567396e-05,0,0.07145799696,1807.792311,272.3769911,14296.92533,350.5362033,359.9979702,314.0550657,313.9279229,1916.075045,1948.441609,19.72574693,-155.0518964,,,,,,,
4.39167,-6.127567396e-05,6.127567396e-05,0,0.07145799696,1807.792311,272.3769911,14296.92533,350.5362033,359.9979702,314.0550657,313.9279229,1916.075045,1948.441609,19.72574693,-155.0518964,,,,,,,
4.39167,-6.127567396e-05,6.127567396e-05,0,0.07145799696,1807.792311,272.3769911,14296.92533,350.5362033,359.9979702,314.0550657,313.9279229,1916.075045,1948.441609,19.72574693,-155.0518964,,,,,,,
4.50833,-6.127567396e-05,6.127567396e-05,0,0.07145799696,1778.128721,269.3464139,13967.12253,350.5442862,359.9940383,307.6225302,303.7817782,1894.175532,1926.899158,19.7259623,-155.0518962,,,,,,,
4.50833,-6.127567396e-05,6.127567396e-05,0,0.07145799696,1778.128721,269.3464139,13967.12253,350.5442862,359.9940383,307.6225302,303.7817782,1894.175532,1926.899158,19.7259623,-155.0518962,,,,,,,
4.50833,-6.127567396e-05,6.127567396e-05,0,0.07145799696,1778.128721,269.3464139,13967.12253,350.5442862,359.9940383,307.6225302,303.7817782,1894.175532,1926.899158,19.7259623,-155.0518962,,,,,,,
4.50833,-6.127567396e-05,6.127567396e-05,0,0.07145799696,1778.128721,269.3464139,13967.12253,350.5442862,359.9940383,307.6225302,303.7817782,1894.175532,1926.899158,19.7259623,-155.0518962,,,,,,,
4.50833,-6.127567396e-05,6.127567396e-05,0,0.07145799696,1778.128721,269.3464139,13967.12253,350.5442862,359.9940383,307.6225302,303.7817782,1894.175532,1926.899158,19.7259623,-155.0518962,,,,,,,
4.50833,-6.127567396e-05,6.127567396e-05,0,0.07145799696,1778.128721,269.3464139,13967.12253,350.5442862,359.9940383,307.6225302,303.7817782,1894.175532,1926.899158,19.7259623,-155.0518962,,,,,,,
4.53333,-6.127567396e-05,6.127567396e-05,0,0.07145799696,1756.899142,268.5571499,13768.2524,350.5524608,359.9877277,303.2315478,296.2451666,1875.150517,1908.151578,19.72612503,-155.051896,,,,,,,
4.55,-6.127567396e-05,6.127567396e-05,0,0.07145799696,1753.129908,268.9074395,13720.38758,350.5544988,359.985844,302.3449051,294.6705076,1870.856163,1903.91639,19.72615938,-155.051896,,,,,,,
4.56667,-6.127567396e-05,6.127567396e-05,0,0.07145799696,1750.499017,269.0055674,13689.35815,350.5559236,359.9844645,301.7751124,293.6283756,1867.95113,1901.050974,19.72618218,-155.051896,,,,,,,
4.58333,-6.127567396e-05,6.127567396e-05,0,0.07145799696,1747.819114,269.0618101,13659.25973,350.5573968,359.9829802,301.217114,292.5922121,1865.013051,1898.152189,19.72620489,-155.0518959,,,,,,,
4.60833,-6.127567396e-05,6.127567396e-05,0,0.07145799696,1745.127733,269.1127752,13629.92253,350.5589224,359.9813859,300.6694465,291.5618887,1862.041689,1895.220193,19.72622753,-155.0518959,,,,,,,
4.64167,-6.127567396e-05,6.127567396e-05,0,0.09526207298,1739.827366,269.2440109,13573.37684,350.562138,359.9778471,299.6032492,289.5182133,1855.99994,1889.25717,19.72627257,-155.0518959,,,,,,,
4.64167,-6.127567396e-05,6.127567396e-05,0,0.09526207298,1739.827366,269.2440109,13573.37684,350.562138,359.9778471,299.6032492,289.5182133,1855.99994,1889.25717,19.72627257,-155.0518959,,,,,,,
4.66667,-6.127567396e-05,6.127567396e-05,0,0.07145799696,1735.96515,269.3632687,13532.37627,350.5646998,359.9748669,298.8340975,288.0001267,1851.377728,1884.698808,19.72630614,-155.0518958,,,,,,,
4.68333,-6.127567396e-05,6.127567396e-05,0,0.07145799696,1732.233569,269.5317465,13491.8155,350.5673987,359.9715891,298.0844421,286.4945761,1846.65352,1880.067197,19.72633953,-155.0518958,,,,,,,
4.71667,-6.127567396e-05,6.127567396e-05,0,0.07145799696,1727.413423,269.832591,13437.07089,350.571225,359.9667291,297.1173384,284.5054388,1840.242018,1873.778569,19.72638379,-155.0518957,,,,,,,
4.73333,-6.127567396e-05,6.127567396e-05,0,0.07145799696,1725.048832,269.9853347,13409.8351,350.5732358,359.96408,296.6488138,283.5183458,1836.988509,1870.586051,19.72640581,-155.0518957,,,,,,,
4.75,-6.127567396e-05,6.127567396e-05,0,0.07145799696,1722.711346,270.1439483,13382.62282,350.5753151,359.9612799,296.1896523,282.5360179,1833.702593,1867.361556,19.72642774,-155.0518956,,,,,,,
4.76667,-6.127567396e-05,6.127567396e-05,0,0.07145799696,1720.397073,270.3088092,13355.39212,350.5774648,359.9583256,295.7397231,281.5582772,1830.385385,1864.105197,19.72644961,-155.0518956,,,,,,,
4.79167,-6.127567396e-05,6.127567396e-05,0,0.07145799696,1718.101434,270.4795813,13328.10684,350.5796875,359.9552143,295.2989025,280.5849553,1827.036795,1860.81708,19.72647139,-155.0518956,,,,,,,
4.80833,-6.127567396e-05,6.127567396e-05,0,0.07145799696,1714.696275,270.7177168,13287.84836,350.5831576,359.9502487,294.6560925,279.1329367,1821.792347,1855.825585,19.72650393,-155.0518955,,,,,,,
4.825,-6.127567396e-05,6.127567396e-05,0,0.07145799696,1712.448505,270.91955,13260.16574,350.5855731,359.9467371,294.2360052,278.1700412,1818.233722,1852.458515,19.72652553,-155.0518955,,,,,,,
4.84167,-6.127567396e-05,6.127567396e-05,0,0.07145799696,1710.193775,271.1139384,13232.35765,350.5880647,359.9430638,293.8262599,277.2110996,1814.67632,1849.060029,19.72654706,-155.0518954,,,,,,,
4.9,-6.127567396e-05,6.127567396e-05,0,0.07145799696,1705.651151,271.5003292,13176.27935,350.5932936,359.9352345,293.0327114,275.3046129,1807.555929,1842.169159,19.72658989,-155.0518954,,,,,,,
4.9,-6.127567396e-05,6.127567396e-05,0,0.07145799696,1705.651151,271.5003292,13176.27935,350.5932936,359.9352345,293.0327114,275.3046129,1807.555929,1842.169159,19.72658989,-155.0518954,,,,,,,
4.925,-6.127567396e-05,6.127567396e-05,0,0.07145799696,1699.99256,271.8781968,13109.44674,350.6003011,359.9245644,292.0935866,272.9418127,1798.530765,1833.380366,19.72664301,-155.0518953,,,,,,,
4.925,-6.127567396e-05,6.127567396e-05,0,0.07145799696,1699.99256,271.8781968,13109.44674,350.6003011,359.9245644,292.0935866,272.9418127,1798.530765,1833.380366,19.72664301,-155.0518953,,,,,,,
4.95,-6.127567396e-05,6.127567396e-05,0,0.07145799696,1696.626455,272.2468509,13066.06791,350.604773,359.9177152,291.5489488,271.5344161,1793.025992,1828.014112,19.72667467,-155.0518952,,,,,,,
4.96667,-6.127567396e-05,6.127567396e-05,0,0.07145799696,1693.155129,272.5672869,13022.19715,350.6094512,359.9105567,291.0276782,270.1374637,1787.50087,1822.578432,19.72670617,-155.0518951,,,,,,,
4.98333,-6.127567396e-05,6.127567396e-05,0,0.07145799696,1690.777387,272.7980936,12991.98595,350.6126293,359.9056268,290.6928418,269.2188703,1783.791295,1818.91639,19.72672707,-155.0518951,,,,,,,
5.025,-6.127567396e-05,6.127567396e-05,0,0.07145799696,1685.83141,273.2146384,12931.06451,350.6191449,359.8954374,290.0594331,267.4103026,1776.283439,1811.501554,19.72676868,-155.051895,,,,,,,
5.025,-6.127567396e-05,6.127567396e-05,0,0.07145799696,1685.83141,273.2146384,12931.06451,350.6191449,359.8954374,290.0594331,267.4103026,1776.283439,1811.501554,19.72676868,-155.051895,,,,,,,
5.04167,-6.127567396e-05,6.127567396e-05,0,0.07145799696,1681.98976,273.4838063,12885.83481,350.6241615,359.8875593,289.6139116,266.0780459,1770.5743,1805.861931,19.7267997,-155.0518949,,,,,,,
5.06667,-6.127567396e-05,6.127567396e-05,0,0.07145799696,1679.378023,273.7034629,12854.57005,350.6275762,359.8822243,289.3267653,265.2010115,1766.731139,1802.065223,19.72682029,-155.0518949,,,,,,,
5.09167,-6.127567396e-05,6.127567396e-05,0,0.07145799696,1675.365717,273.9774515,12808.26815,350.6327849,359.8741434,288.9189677,263.9014583,1760.912146,1796.315266,19.72685106,-155.0518948,,,,,,,
5.11667,-6.127567396e-05,6.127567396e-05,0,0.07145799696,1671.264125,274.2667545,12761.19016,350.6381141,359.8660317,288.5307835,262.6202577,1755.028359,1790.500058,19.72688167,-155.0518947,,,,,,,
5.14167,-6.127567396e-05,6.127567396e-05,0,0.07145799696,1667.060631,274.5571582,12713.34558,350.6435619,359.8579691,288.1632152,261.3566911,1749.079862,1784.620286,19.72691214,-155.0518946,,,,,,,
5.14167,-6.127567396e-05,6.127567396e-05,0,0.07145799696,1667.060631,274.5571582,12713.34558,350.6435619,359.8579691,288.1632152,261.3566911,1749.079862,1784.620286,19.72691214,-155.0518946,,,,,,,
5.175,-6.127567396e-05,6.127567396e-05,0,0.07145799696,1662.746291,274.8446807,12664.74329,350.6491269,359.8500455,287.8155803,260.1101603,1743.068121,1778.676614,19.72694247,-155.0518945,,,,,,,
5.20833,-6.127567396e-05,6.127567396e-05,0,0.07145799696,1656.838428,275.1810567,12600.22199,350.6567316,359.8398694,287.3838608,258.4737298,1734.955005,1770.653438,19.72698267,-155.0518944,,,,,,,
5.20833,-6.127567396e-05,6.127567396e-05,0,0.07145799696,1656.838428,275.1810567,12600.22199,350.6567316,359.8398694,287.3838608,258.4737298,1734.955005,1770.653438,19.72698267,-155.0518944,,,,,,,
5.24167,-6.127567396e-05,6.127567396e-05,0,0.07145799696,1650.818862,275.550159,12533.99661,350.6645397,359.8303771,286.9833536,256.8657267,1726.731034,1762.519316,19.72702263,-155.0518943,,,,,,,
5.24167,-6.127567396e-05,6.127567396e-05,0,0.07145799696,1650.818862,275.550159,12533.99661,350.6645397,359.8303771,286.9833536,256.8657267,1726.731034,1762.519316,19.72702263,-155.0518943,,,,,,,
5.26667,-6.127567396e-05,6.127567396e-05,0,0.07145799696,1644.685023,275.9192021,12466.20098,350.6725499,359.821852,286.6147971,255.2854908,1718.398062,1754.275712,19.72706234,-155.0518942,,,,,,,
5.28333,-6.127567396e-05,6.127567396e-05,0,0.07145799696,1639.970952,276.2315187,12413.18686,350.6786854,359.816274,286.3568173,254.1182079,1712.077952,1748.022025,19.72709197,-155.0518941,,,,,,,
5.30833,-6.127567396e-05,6.127567396e-05,0,0.07145799696,1636.742138,276.4467576,12376.72901,350.6828427,359.813017,286.1940687,253.3500165,1707.831143,1743.819444,19.72711164,-155.051894,,,,,,,
5.33333,-6.127567396e-05,6.127567396e-05,0,0.07145799696,1631.771759,276.6923632,12322.97953,350.68914,359.8089228,285.970316,252.2156143,1701.411553,1737.466026,19.72714105,-155.0518939,,,,,,,
5.35833,-6.127567396e-05,6.127567396e-05,0,0.07145799696,1626.693153,276.9524239,12268.59667,350.6955219,359.8058977,285.7632479,251.1033623,1694.933701,1731.053937,19.72717032,-155.0518938,,,,,,,
5.375,-6.127567396e-05,6.127567396e-05,0,0.07145799696,1621.508794,277.2182922,12213.57441,350.7019782,359.8040751,285.5742591,250.0130521,1688.398066,1724.584073,19.72719946,-155.0518937,,,,,,,
5.4,-6.127567396e-05,6.127567396e-05,0,0.07145799696,1617.987549,277.4272516,12175.67467,350.7063266,359.8035919,285.4561385,249.2984637,1684.00954,1720.239169,19.72721882,-155.0518936,,,,,,,
5.4,-6.127567396e-05,6.127567396e-05,0,0.07145799696,1617.987549,277.4272516,12175.67467,350.7063266,359.8035919,285.4561385,249.2984637,1684.00954,1720.239169,19.72721882,-155.0518936,,,,,,,
5.44167,-6.127567396e-05,6.127567396e-05,0,0.07145799696,1608.95588,277.8840466,12081.25678,350.7172913,359.8052063,285.2003776,247.5569127,1672.930147,1709.268035,19.72726699,-155.0518934,,,,,,,
5.44167,-6.127567396e-05,6.127567396e-05,0,0.07145799696,1608.95588,277.8840466,12081.25678,350.7172913,359.8052063,285.2003776,247.5569127,1672.930147,1709.268035,19.72726699,-155.0518934,,,,,,,
5.475,-6.127567396e-05,6.127567396e-05,0,0.07145799696,1601.520117,278.2626086,12004.40754,350.7261447,359.8096637,285.0287013,246.2109369,1663.956727,1700.381362,19.72730528,-155.0518932,,,,,,,
5.5,-6.127567396e-05,6.127567396e-05,0,0.07145799696,1595.822688,278.5149777,11946.85002,350.7328141,359.8149933,284.9255205,245.2293399,1657.164308,1693.653738,19.72733386,-155.0518931,,,,,,,
5.5,-6.127567396e-05,6.127567396e-05,0,0.07145799696,1595.822688,278.5149777,11946.85002,350.7328141,359.8149933,284.9255205,245.2293399,1657.164308,1693.653738,19.72733386,-155.0518931,,,,,,,
5.54167,-6.127567396e-05,6.127567396e-05,0,0.07145799696,1586.163288,279.0200705,11848.35711,350.7439704,359.8278457,284.7812004,243.6464076,1645.72765,1682.324429,19.72738126,-155.0518929,,,,,,,
5.54167,-6.127567396e-05,6.127567396e-05,0,0.07145799696,1586.163288,279.0200705,11848.35711,350.7439704,359.8278457,284.7812004,243.6464076,1645.72765,1682.324429,19.72738126,-155.0518929,,,,,,,
5.575,-6.127567396e-05,6.127567396e-05,0,0.07145799696,1576.237827,279.5117495,11748.2052,350.7551251,359.8457785,284.6826166,242.1288302,1634.149255,1670.852937,19.72742835,-155.0518927,,,,,,,
5.6,-6.127567396e-05,6.127567396e-05,0,0.07145799696,1572.183668,279.7187376,11707.14223,350.7595794,359.85437,284.6548434,241.5396989,1629.478999,1666.225433,19.7274471,-155.0518926,,,,,,,
5.6,-6.127567396e-05,6.127567396e-05,0,0.07145799696,1572.183668,279.7187376,11707.14223,350.7595794,359.85437,284.6548434,241.5396989,1629.478999,1666.225433,19.7274471,-155.0518926,,,,,,,
5.625,-6.127567396e-05,6.127567396e-05,0,0.07145799696,1566.030417,279.980268,11646.5723,350.7662393,359.8687396,284.6273338,240.6747684,1622.433056,1659.243279,19.72747515,-155.0518924,,,,,,,
5.64167,-6.127567396e-05,6.127567396e-05,0,0.07145799696,1559.82173,280.2713632,11585.20784,350.7728803,359.8848228,284.6116233,239.8319571,1615.339061,1652.212784,19.72750311,-155.0518923,,,,,,,
5.68333,-6.127567396e-05,6.127567396e-05,0,0.07145799696,1551.397683,280.7140541,11500.35823,350.7816918,359.9087535,284.6096515,238.7432291,1605.80653,1642.764997,19.72754022,-155.0518921,,,,,,,
5.68333,-6.127567396e-05,6.127567396e-05,0,0.07145799696,1551.397683,280.7140541,11500.35823,350.7816918,359.9087535,284.6096515,238.7432291,1605.80653,1642.764997,19.72754022,-155.0518921,,,,,,,
5.7,-6.127567396e-05,6.127567396e-05,0,0.07145799696,1544.967235,280.9792156,11437.65969,350.7881365,359.9283903,284.6301025,237.9633169,1598.603423,1635.625105,19.72756796,-155.051892,,,,,,,
5.74167,-6.127567396e-05,6.127567396e-05,0,0.07145799696,1536.267555,281.4164322,11350.87857,350.7965054,359.956507,284.6754061,236.9729427,1588.929765,1626.0355,19.72760479,-155.0518918,,,,,,,
5.74167,-6.127567396e-05,6.127567396e-05,0,0.07145799696,1536.267555,281.4164322,11350.87857,350.7965054,359.956507,284.6754061,236.9729427,1588.929765,1626.0355,19.72760479,-155.0518918,,,,,,,
5.775,-6.127567396e-05,6.127567396e-05,0,0.07145799696,1525.187971,281.9079579,11242.41745,350.8065555,359.9941074,284.769309,235.8112007,1576.729603,1613.940313,19.72765063,-155.0518915,,,,,,,
5.79167,-6.127567396e-05,6.127567396e-05,0,0.07145799696,1520.685881,282.1181787,11197.89321,350.8104519,0.009707484731,284.8168325,235.369143,1571.817084,1609.069657,19.72766891,-155.0518914,,,,,,,
5.81667,-6.127567396e-05,6.127567396e-05,0,0.07145799696,1516.138515,282.321138,11153.13993,350.814277,0.02552776199,284.8696869,234.9394866,1566.886636,1604.180864,19.72768715,-155.0518913,,,,,,,
5.83333,-6.127567396e-05,6.127567396e-05,0,0.07145799696,1509.263505,282.5799992,11087.11933,350.8198758,0.04952380796,284.9607739,234.3176042,1559.45765,1596.81435,19.72771445,-155.0518911,,,,,,,
5.85,-6.127567396e-05,6.127567396e-05,0,0.09526207298,1504.651817,282.8054595,11041.4981,350.8235309,0.06560101946,285.0237639,233.9176544,1554.483524,1591.881563,19.72773261,-155.051891,,,,,,,
5.86667,-6.127567396e-05,6.127567396e-05,0,0.07145799696,1499.993155,283.0140586,10995.65228,350.8271121,0.08166604352,285.0936522,233.5291045,1549.492128,1586.931701,19.72775074,-155.0518909,,,,,,,
5.88333,-6.127567396e-05,6.127567396e-05,0,0.07145799696,1495.291926,283.2153126,10949.56956,350.8306248,0.09765609887,285.1679799,233.1516893,1544.48385,1581.965049,19.72776884,-155.0518908,,,,,,,
5.9,-6.127567396e-05,6.127567396e-05,0,0.07145799696,1490.551608,283.4133196,10903.23963,350.834069,0.1135112886,285.2465743,232.785163,1539.459371,1576.981891,19.72778691,-155.0518907,,,,,,,
5.93333,-6.127567396e-05,6.127567396e-05,0,0.07145799696,1480.964153,283.8055922,10809.80518,350.8407566,0.1445953414,285.4159194,232.083868,1529.558353,1566.967155,19.72782297,-155.0518904,,,,,,,
5.95,-6.127567396e-05,6.127567396e-05,0,0.07145799696,1476.120952,284.0009037,10762.68743,350.8440028,0.1597239022,285.5063664,231.7486653,1524.639698,1561.936114,19.72784096,-155.0518903,,,,,,,
5.96667,-6.127567396e-05,6.127567396e-05,0,0.07145799696,1471.246761,284.1958861,10715.29559,350.8471848,0.1745179697,285.6004701,231.4234812,1519.705816,1556.889641,19.72785892,-155.0518902,,,,,,,
5.98333,-6.127567396e-05,6.127567396e-05,0,0.07145799696,1466.342732,284.3905812,10667.62535,350.8503033,0.1889397235,285.6980933,231.1081165,1514.756463,1551.827991,19.72787686,-155.0518901,,,,,,,
6,-6.127567396e-05,6.127567396e-05,0,0.07145799696,1461.409815,284.5849996,10619.67305,350.8533582,0.2029564234,285.7991044,230.8023779,1509.792089,1546.751416,19.72789478,-155.05189,,,,,,,
6.03333,-6.127567396e-05,6.127567396e-05,0,0.07145799696,1451.460416,284.972999,10522.91012,350.8592804,0.2296685371,286.0107856,230.2190188,1499.819264,1536.554471,19.72793054,-155.0518897,,,,,,,
6.05,-6.127567396e-05,6.127567396e-05,0,0.07145799696,1446.44523,285.1665699,10474.09434,350.8621484,0.242322751,286.1212136,229.941024,1494.81109,1531.434582,19.72794839,-155.0518896,,,,,,,
6.075,-6.127567396e-05,6.127567396e-05,0,0.07145799696,1441.403799,285.3598486,10424.98607,350.8649547,0.2544889789,286.2345451,229.6719075,1489.788755,1526.300726,19.72796622,-155.0518895,,,,,,,
6.09167,-6.127567396e-05,6.127567396e-05,0,0.07145799696,1433.818026,285.6072731,10352.54094,350.8690424,0.2718024371,286.4121515,229.2845017,1482.229523,1518.574256,19.72799292,-155.0518893,,,,,,,
6.10833,-6.127567396e-05,6.127567396e-05,0,0.07145799696,1428.74932,285.8284842,10302.41492,350.8717031,0.2827127752,286.5298602,229.0368002,1477.173076,1513.406477,19.7280107,-155.0518892,,,,,,,
6.125,-6.127567396e-05,6.127567396e-05,0,0.07145799696,1423.643806,286.0323903,10252.03343,350.8742988,0.2931149823,286.652505,228.7973613,1472.103248,1508.225514,19.72802846,-155.051889,,,,,,,
6.15,-6.127567396e-05,6.127567396e-05,0,0.07145799696,1418.50488,286.228736,10201.38806,350.8768344,0.303009771,286.7775833,228.5660145,1467.020254,1503.031581,19.7280462,-155.0518889,,,,,,,
6.16667,-6.127567396e-05,6.127567396e-05,0,0.07145799696,1410.764572,286.4752628,10126.74283,350.8805187,0.3169074037,286.9720014,228.233829,1459.371962,1495.216823,19.72807278,-155.0518887,,,,,,,
6.18333,-6.127567396e-05,6.127567396e-05,0,0.07145799696,1405.589725,286.6952532,10075.11975,350.8829129,0.3255504017,287.1003295,228.0220268,1454.257465,1489.991376,19.72809048,-155.0518886,,,,,,,
6.2,-6.127567396e-05,6.127567396e-05,0,0.07145799696,1400.376696,286.8975263,10023.25546,350.8852435,0.333703529,287.2332263,227.81779,1449.130321,1484.753678,19.72810816,-155.0518885,,,,,,,
6.23333,-6.127567396e-05,6.127567396e-05,0,0.07145799696,1389.852725,287.2831947,9918.758924,350.8897768,0.3485735121,287.5040903,227.4257498,1438.839969,1474.242205,19.72814348,-155.0518882,,,,,,,
6.25,-6.127567396e-05,6.127567396e-05,0,0.09526207298,1384.548105,287.4727138,9866.107949,350.8919889,0.3553102555,287.641914,227.2375551,1433.676736,1468.968703,19.72816111,-155.0518881,,,,,,,
6.275,-6.127567396e-05,6.127567396e-05,0,0.07145799696,1379.218257,287.661412,9813.177548,350.894164,0.3615965877,287.7812689,227.0544826,1428.501948,1463.683541,19.72817874,-155.051888,,,,,,,
6.29167,-6.127567396e-05,6.127567396e-05,0,0.07145799696,1371.205472,287.9006173,9735.187541,350.8973491,0.3702086848,287.9955583,226.7892951,1420.717662,1455.734231,19.72820515,-155.0518878,,,,,,,
6.31667,-6.127567396e-05,6.127567396e-05,0,0.07145799696,1365.857136,288.1176045,9681.223003,350.8994362,0.3754242344,288.1360322,226.6186238,1415.514327,1450.420504,19.72822273,-155.0518876,,,,,,,
6.33333,-6.127567396e-05,6.127567396e-05,0,0.07145799696,1357.799837,288.3700479,9601.77784,350.9024817,0.3822789985,288.3555156,226.3715388,1407.687631,1442.428954,19.72824909,-155.0518874,,,,,,,
6.35833,-6.127567396e-05,6.127567396e-05,0,0.07145799696,1352.41403,288.5888773,9546.840063,350.9044761,0.3862095103,288.4992612,226.2125763,1402.455753,1437.087463,19.72826665,-155.0518873,,,,,,,
6.375,-6.127567396e-05,6.127567396e-05,0,0.07145799696,1344.292998,288.8403885,9466.008137,350.9073836,0.3916384634,288.7234558,225.9824978,1394.587826,1429.054845,19.72829296,-155.0518871,,,,,,,
6.4,-6.127567396e-05,6.127567396e-05,0,0.07145799696,1338.86153,289.0580295,9410.128244,350.9092867,0.3949110608,288.870158,225.8344991,1389.32917,1423.686349,19.72831049,-155.051887,,,,,,,
6.4,-6.127567396e-05,6.127567396e-05,0,0.07145799696,1338.86153,289.0580295,9410.128244,350.9092867,0.3949110608,288.870158,225.8344991,1389.32917,1423.686349,19.72831049,-155.051887,,,,,,,
6.43333,-6.127567396e-05,6.127567396e-05,0,0.07145799696,1325.189816,289.523466,9271.130405,350.9138692,0.401799283,289.2479686,225.4825302,1376.135802,1410.218982,19.72835426,-155.0518866,,,,,,,
6.6,-6.127567396e-05,6.127567396e-05,0,0.07145799696,1319.671208,289.7196054,9214.094505,350.9156403,0.4040312672,289.4008717,225.3486476,1370.840271,1404.813871,19.72837175,-155.0518865,,,,,,,
6.6,-6.127567396e-05,6.127567396e-05,0,0.07145799696,1319.671208,289.7196054,9214.094505,350.9156403,0.4040312672,289.4008717,225.3486476,1370.840271,1404.813871,19.72837175,-155.0518865,,,,,,,
6.6,-6.127567396e-05,6.127567396e-05,0,0.07145799696,1319.671208,289.7196054,9214.094505,350.9156403,0.4040312672,289.4008717,225.3486476,1370.840271,1404.813871,19.72837175,-155.0518865,,,,,,,
6.6,-6.127567396e-05,6.127567396e-05,0,0.07145799696,1319.671208,289.7196054,9214.094505,350.9156403,0.4040312672,289.4008717,225.3486476,1370.840271,1404.813871,19.72837175,-155.0518865,,,,,,,
6.6,-6.127567396e-05,6.127567396e-05,0,0.07145799696,1319.671208,289.7196054,9214.094505,350.9156403,0.4040312672,289.4008717,225.3486476,1370.840271,1404.813871,19.72837175,-155.0518865,,,,,,,
6.6,-6.127567396e-05,6.127567396e-05,0,0.07145799696,1319.671208,289.7196054,9214.094505,350.9156403,0.4040312672,289.4008717,225.3486476,1370.840271,1404.813871,19.72837175,-155.0518865,,,,,,,
6.6,-6.127567396e-05,6.127567396e-05,0,0.07145799696,1319.671208,289.7196054,9214.094505,350.9156403,0.4040312672,289.4008717,225.3486476,1370.840271,1404.813871,19.72837175,-155.0518865,,,,,,,
6.6,-6.127567396e-05,6.127567396e-05,0,0.07145799696,1319.671208,289.7196054,9214.094505,350.9156403,0.4040312672,289.4008717,225.3486476,1370.840271,1404.813871,19.72837175,-155.0518865,,,,,,,
6.6,-6.127567396e-05,6.127567396e-05,0,0.07145799696,1319.671208,289.7196054,9214.094505,350.9156403,0.4040312672,289.4008717,225.3486476,1370.840271,1404.813871,19.72837175,-155.0518865,,,,,,,
6.66667,-6.127567396e-05,6.127567396e-05,0,0.07145799696,1273.49503,290.5566656,8808.131093,350.9311914,0.4116410762,291.0236963,224.2044511,1317.335225,1350.217137,19.72854612,-155.0518851,,,,,,,
6.66667,-6.127567396e-05,6.127567396e-05,0,0.07145799696,1273.49503,290.5566656,8808.131093,350.9311914,0.4116410762,291.0236963,224.2044511,1317.335225,1350.217137,19.72854612,-155.0518851,,,,,,,
6.66667,-6.127567396e-05,6.127567396e-05,0,0.07145799696,1273.49503,290.5566656,8808.131093,350.9311914,0.4116410762,291.0236963,224.2044511,1317.335225,1350.217137,19.72854612,-155.0518851,,,,,,,
